unit_id,cortical_depth,cortical_layer,ecephys_structure_acronym
8000000,37.15,,V1_site8_A
8000001,24.12,,V1_site8_A
8000002,-4.47,,V1_site8_A
8000003,34.07,,V1_site8_A
8000004,7.18,,V1_site8_A
8000005,7.64,,V1_site8_A
8000006,28.25,,V1_site8_A
8000007,9.5,,V1_site8_A
8000008,45.36,,V1_site8_A
8000009,68.86,,V1_site8_A
8000010,56.97,,V1_site8_A
8000011,55.44,,V1_site8_A
8000012,48.32,,V1_site8_A
8000013,69.6,,V1_site8_A
8000014,56.54,,V1_site8_A
8000015,83.59,,V1_site8_A
8000016,81.23,,V1_site8_A
8000017,854.48,,V1_site8_A
8000018,82.62,,V1_site8_A
8000019,62.81,,V1_site8_A
8000020,73.68,,V1_site8_A
8000021,82.09,,V1_site8_A
8000022,115.49,,V1_site8_A
8000023,143.3,,V1_site8_A
8000024,96.26,,V1_site8_A
8000025,102.8,,V1_site8_A
8000026,859.21,,V1_site8_A
8000027,82.21,,V1_site8_A
8000028,117.28,,V1_site8_A
8000029,90.74,,V1_site8_A
8000030,85.9,,V1_site8_A
8000031,146.76,,V1_site8_A
8000032,116.77,,V1_site8_A
8000033,99.59,,V1_site8_A
8000034,103.19,,V1_site8_A
8000035,177.3,,V1_site8_A
8000036,139.73,,V1_site8_A
8000037,167.18,,V1_site8_A
8000038,147.47,,V1_site8_A
8000039,253.88,,V1_site8_A
8000040,131.26,,V1_site8_A
8000041,187.32,,V1_site8_A
8000042,125.19,,V1_site8_A
8000043,126.63,,V1_site8_A
8000044,118.95,,V1_site8_A
8000045,137.44,,V1_site8_A
8000046,148.45,,V1_site8_A
8000047,143.55,,V1_site8_A
8000048,196.28,,V1_site8_A
8000049,172.12,,V1_site8_A
8000050,171.2,,V1_site8_A
8000051,161.23,,V1_site8_A
8000052,147.38,,V1_site8_A
8000053,191.71,,V1_site8_A
8000054,195.5,,V1_site8_A
8000055,166.57,,V1_site8_A
8000056,192.13,,V1_site8_A
8000057,154.86,,V1_site8_A
8000058,236.38,,V1_site8_A
8000059,183.11,,V1_site8_A
8000060,213.62,,V1_site8_A
8000061,195.23,,V1_site8_A
8000062,205.44,,V1_site8_A
8000063,272.66,,V1_site8_A
8000064,240.77,,V1_site8_A
8000065,246.6,,V1_site8_A
8000066,248.45,,V1_site8_A
8000067,251.45,,V1_site8_A
8000068,269.89,,V1_site8_A
8000069,240.43,,V1_site8_A
8000070,269.68,,V1_site8_A
8000071,274.84,,V1_site8_A
8000072,272.19,,V1_site8_A
8000073,251.92,,V1_site8_A
8000074,267.87,,V1_site8_A
8000075,852.92,,V1_site8_A
8000076,269.39,,V1_site8_A
8000077,282.05,,V1_site8_A
8000078,859.8,,V1_site8_A
8000079,287.49,,V1_site8_A
8000080,296.65,,V1_site8_A
8000081,356.22,,V1_site8_A
8000082,313.04,,V1_site8_A
8000083,374.97,,V1_site8_A
8000084,342.27,,V1_site8_A
8000085,270.27,,V1_site8_A
8000086,342.69,,V1_site8_A
8000087,317.13,,V1_site8_A
8000088,356.45,,V1_site8_A
8000089,324.39,,V1_site8_A
8000090,285.65,,V1_site8_A
8000091,436.61,,V1_site8_A
8000092,384.83,,V1_site8_A
8000093,363.85,,V1_site8_A
8000094,386.65,,V1_site8_A
8000095,393.43,,V1_site8_A
8000096,393.65,,V1_site8_A
8000097,388.33,,V1_site8_A
8000098,410.84,,V1_site8_A
8000099,408.38,,V1_site8_A
8000100,443.32,,V1_site8_A
8000101,416.1,,V1_site8_A
8000102,417.7,,V1_site8_A
8000103,433.43,,V1_site8_A
8000104,487.55,,V1_site8_A
8000105,456.32,,V1_site8_A
8000106,436.1,,V1_site8_A
8000107,449.61,,V1_site8_A
8000108,453.83,,V1_site8_A
8000109,479.28,,V1_site8_A
8000110,463.92,,V1_site8_A
8000111,440.65,,V1_site8_A
8000112,835.12,,V1_site8_A
8000113,474.41,,V1_site8_A
8000114,489.74,,V1_site8_A
8000115,492.72,,V1_site8_A
8000116,493.88,,V1_site8_A
8000117,517.62,,V1_site8_A
8000118,514.05,,V1_site8_A
8000119,498.95,,V1_site8_A
8000120,496.04,,V1_site8_A
8000121,509.74,,V1_site8_A
8000122,514.04,,V1_site8_A
8000123,499.33,,V1_site8_A
8000124,511.24,,V1_site8_A
8000125,850.74,,V1_site8_A
8000126,540.67,,V1_site8_A
8000127,547.47,,V1_site8_A
8000128,606.76,,V1_site8_A
8000129,524.27,,V1_site8_A
8000130,510.99,,V1_site8_A
8000131,602.67,,V1_site8_A
8000132,453.69,,V1_site8_A
8000133,546.05,,V1_site8_A
8000134,508.11,,V1_site8_A
8000135,536.11,,V1_site8_A
8000136,560.57,,V1_site8_A
8000137,849.87,,V1_site8_A
8000138,584.1,,V1_site8_A
8000139,579.89,,V1_site8_A
8000140,600.3,,V1_site8_A
8000141,594.54,,V1_site8_A
8000142,598.91,,V1_site8_A
8000143,578.69,,V1_site8_A
8000144,585.37,,V1_site8_A
8000145,570.02,,V1_site8_A
8000146,574.2,,V1_site8_A
8000147,588.87,,V1_site8_A
8000148,588.75,,V1_site8_A
8000149,624.3,,V1_site8_A
8000150,619.95,,V1_site8_A
8000151,593.97,,V1_site8_A
8000152,597.47,,V1_site8_A
8000153,622.75,,V1_site8_A
8000154,595.47,,V1_site8_A
8000155,627.18,,V1_site8_A
8000156,585.9,,V1_site8_A
8000157,617.69,,V1_site8_A
8000158,632.54,,V1_site8_A
8000159,623.42,,V1_site8_A
8000160,602.7,,V1_site8_A
8000161,631.49,,V1_site8_A
8000162,662.33,,V1_site8_A
8000163,583.38,,V1_site8_A
8000164,654.94,,V1_site8_A
8000165,660.07,,V1_site8_A
8000166,660.63,,V1_site8_A
8000167,630.57,,V1_site8_A
8000168,626.43,,V1_site8_A
8000169,666.38,,V1_site8_A
8000170,782.89,,V1_site8_A
8000171,710.16,,V1_site8_A
8000172,707.2,,V1_site8_A
8000173,738.1,,V1_site8_A
8000174,682.82,,V1_site8_A
8000175,668.57,,V1_site8_A
8000176,695.34,,V1_site8_A
8000177,701.18,,V1_site8_A
8000178,682.19,,V1_site8_A
8000179,683.53,,V1_site8_A
8000180,698.69,,V1_site8_A
8000181,703.84,,V1_site8_A
8000182,679.45,,V1_site8_A
8000183,699.34,,V1_site8_A
8000184,762.9,,V1_site8_A
8000185,753.08,,V1_site8_A
8000186,739.54,,V1_site8_A
8000187,728.75,,V1_site8_A
8000188,742.53,,V1_site8_A
8000189,744.76,,V1_site8_A
8000190,733.47,,V1_site8_A
8000191,722.03,,V1_site8_A
8000192,708.64,,V1_site8_A
8000193,749.92,,V1_site8_A
8000194,757.23,,V1_site8_A
8000195,758.2,,V1_site8_A
8000196,738.27,,V1_site8_A
8000197,776.54,,V1_site8_A
8000198,802.35,,V1_site8_A
8000199,806.22,,V1_site8_A
8000200,778.88,,V1_site8_A
8000201,768.32,,V1_site8_A
8000202,796.24,,V1_site8_A
8000203,781.83,,V1_site8_A
8000204,780.16,,V1_site8_A
8000205,749.83,,V1_site8_A
8000206,720.5,,V1_site8_A
8000207,752.44,,V1_site8_A
8000208,782.3,,V1_site8_A
8000209,796.64,,V1_site8_A
8000210,798.94,,V1_site8_A
8000211,792.3,,V1_site8_A
8000212,795.76,,V1_site8_A
8000213,771.17,,V1_site8_A
8000214,764.54,,V1_site8_A
8000215,830.5,,V1_site8_A
8000216,825.1,,V1_site8_A
8000217,800.67,,V1_site8_A
8000218,818.18,,V1_site8_A
8000219,829.24,,V1_site8_A
8000220,810.74,,V1_site8_A
8000221,813.83,,V1_site8_A
8000222,835.77,,V1_site8_A
8000223,793.44,,V1_site8_A
8000224,813.51,,V1_site8_A
8000225,817.08,,V1_site8_A
8000226,841.19,,V1_site8_A
8000227,826.5,,V1_site8_A
8000228,859.69,,V1_site8_A
8000229,865.55,,V1_site8_A
8000230,844.4,,V1_site8_A
8000231,858.53,,V1_site8_A
8000232,841.95,,V1_site8_A
8000233,858.44,,V1_site8_A
8000234,912.37,,V1_site8_A
8000235,885.96,,V1_site8_A
8000236,881.05,,V1_site8_A
8000237,893.37,,V1_site8_A
8000238,880.42,,V1_site8_A
8000239,875.1,,V1_site8_A
8000240,928.4,,V1_site8_A
8000241,942.74,,V1_site8_A
8000242,928.04,,V1_site8_A
8000243,933.08,,V1_site8_A
8000244,935.57,,V1_site8_A
8000245,908.62,,V1_site8_A
8000246,939.85,,V1_site8_A
8000247,931.23,,V1_site8_A
8000248,981.29,,V1_site8_A
8000249,948.9,,V1_site8_A
8000250,956.26,,V1_site8_A
8000251,950.15,,V1_site8_A
8000252,953.42,,V1_site8_A
8000253,980.14,,V1_site8_A
8000254,977.36,,V1_site8_A
8000255,1012.06,,V1_site8_A
8000256,876.47,,V1_site8_A
8000257,927.96,,V1_site8_A
8000258,997.13,,V1_site8_A
8000259,864.78,,V1_site8_A
8000260,865.75,,V1_site8_A
8000261,1054.75,,V1_site8_A
8000262,859.69,,V1_site8_A
8000263,1099.87,,V1_site8_A
8000264,1105.42,,V1_site8_A
8000265,857.75,,V1_site8_A
8000266,1133.93,,V1_site8_A
8000267,852.55,,V1_site8_A
8000268,1179.26,,V1_site8_A
8000269,861.33,,V1_site8_A
8000270,856.17,,V1_site8_A
8000271,1272.98,,V1_site8_A
8000272,1273.91,,V1_site8_A
8000273,1268.72,,V1_site8_A
8000274,1308.27,,V1_site8_A
8000275,1288.65,,V1_site8_A
8000276,1336.83,,V1_site8_A
8000277,853.47,,V1_site8_A
8000278,856.72,,V1_site8_A
8000279,1335.42,,V1_site8_A
8000280,1343.87,,V1_site8_A
8000281,1398.5,,V1_site8_A
8000282,856.62,,V1_site8_A
8000283,1376.97,,V1_site8_A
8000284,1367.64,,V1_site8_A
8000285,852.33,,V1_site8_A
8000286,1428.82,,V1_site8_A
8000287,1432.48,,V1_site8_A
8000288,1460.72,,V1_site8_A
8000289,1439.73,,V1_site8_A
8000290,1457.96,,V1_site8_A
8000291,1458.69,,V1_site8_A
8000292,1508.46,,V1_site8_A
8000293,1498.49,,V1_site8_A
8000294,1508.13,,V1_site8_A
8000295,1581.0,,V1_site8_A
8000296,1560.74,,V1_site8_A
8000297,1546.94,,V1_site8_A
8000298,1540.37,,V1_site8_A
8000299,1531.43,,V1_site8_A
8000300,1551.27,,V1_site8_A
8000301,860.0,,V1_site8_A
8000302,1603.39,,V1_site8_A
8000303,1611.18,,V1_site8_A
8000304,-65.38,,V1_site8_A
8000305,1562.99,,V1_site8_A
8000306,1578.55,,V1_site8_A
8000307,1592.18,,V1_site8_A
8000308,1597.68,,V1_site8_A
8000309,1580.2,,V1_site8_A
8000310,1590.64,,V1_site8_A
8000311,1629.6,,V1_site8_A
8000312,1629.25,,V1_site8_A
8000313,1597.04,,V1_site8_A
8000314,1627.86,,V1_site8_A
8000315,1607.99,,V1_site8_A
8000316,1611.97,,V1_site8_A
8000317,1594.95,,V1_site8_A
8000318,1613.06,,V1_site8_A
8000319,1662.21,,V1_site8_A
8000320,1598.98,,V1_site8_A
8000321,1610.07,,V1_site8_A
8000322,1595.85,,V1_site8_A
8000323,1648.27,,V1_site8_A
8000324,1625.58,,V1_site8_A
8000325,1618.0,,V1_site8_A
8000326,1639.35,,V1_site8_A
8000327,1657.49,,V1_site8_A
8000328,1633.97,,V1_site8_A
8000329,1651.95,,V1_site8_A
8000330,1684.47,,V1_site8_A
8000331,1680.08,,V1_site8_A
8000332,1693.48,,V1_site8_A
8000333,1661.26,,V1_site8_A
8000334,1653.15,,V1_site8_A
8000335,1656.97,,V1_site8_A
8000336,1671.96,,V1_site8_A
8000337,1659.55,,V1_site8_A
8000338,1693.05,,V1_site8_A
8000339,1671.83,,V1_site8_A
8000340,1661.12,,V1_site8_A
8000341,1658.42,,V1_site8_A
8000342,1674.85,,V1_site8_A
8000343,1671.76,,V1_site8_A
8000344,1663.12,,V1_site8_A
8000345,1683.56,,V1_site8_A
8000346,1694.98,,V1_site8_A
8000347,1692.31,,V1_site8_A
8000348,1694.66,,V1_site8_A
8000349,1699.31,,V1_site8_A
8000350,1687.79,,V1_site8_A
8000351,1715.25,,V1_site8_A
8000352,1698.17,,V1_site8_A
8000353,1691.59,,V1_site8_A
8000354,1696.77,,V1_site8_A
8000355,1710.08,,V1_site8_A
8000356,1715.93,,V1_site8_A
8000357,1714.81,,V1_site8_A
8000358,1694.76,,V1_site8_A
8000359,1689.74,,V1_site8_A
8000360,1674.5,,V1_site8_A
8000361,1694.81,,V1_site8_A
8000362,1700.77,,V1_site8_A
8000363,1711.32,,V1_site8_A
8000364,1706.4,,V1_site8_A
8000365,1720.01,,V1_site8_A
8000366,1722.83,,V1_site8_A
8000367,857.19,,V1_site8_A
8000368,1721.63,,V1_site8_A
8000369,1721.89,,V1_site8_A
8000370,1718.01,,V1_site8_A
8000371,1732.27,,V1_site8_A
8000372,1719.68,,V1_site8_A
8000373,1716.77,,V1_site8_A
8000374,1735.69,,V1_site8_A
8000375,1729.08,,V1_site8_A
8000376,1766.66,,V1_site8_A
8000377,1770.31,,V1_site8_A
8000378,1773.73,,V1_site8_A
8000379,1749.78,,V1_site8_A
8000380,1775.3,,V1_site8_A
8000381,1781.86,,V1_site8_A
8000382,1754.39,,V1_site8_A
8000383,1775.08,,V1_site8_A
8000384,1769.33,,V1_site8_A
8000385,1782.35,,V1_site8_A
8000386,1772.85,,V1_site8_A
8000387,1799.1,,V1_site8_A
8000388,1797.08,,V1_site8_A
8000389,1798.16,,V1_site8_A
8000390,1798.76,,V1_site8_A
8000391,1808.62,,V1_site8_A
8000392,1810.06,,V1_site8_A
8000393,1830.53,,V1_site8_A
8000394,1797.24,,V1_site8_A
8000395,1808.91,,V1_site8_A
8000396,1779.34,,V1_site8_A
8000397,1783.9,,V1_site8_A
8000398,1790.41,,V1_site8_A
8000399,1869.14,,V1_site8_A
8000400,1842.45,,V1_site8_A
8000401,1874.77,,V1_site8_A
8000402,1777.27,,V1_site8_A
8000403,1906.21,,V1_site8_A
8000404,1911.73,,V1_site8_A
8000405,1897.43,,V1_site8_A
8000406,1896.16,,V1_site8_A
8000407,861.21,,V1_site8_A
8000408,1910.26,,V1_site8_A
8000409,1982.05,,V1_site8_A
8000410,1957.55,,V1_site8_A
8000411,2014.3,,V1_site8_A
8000412,2002.83,,V1_site8_A
8000413,2022.9,,V1_site8_A
8000414,2025.41,,V1_site8_A
8000415,1998.84,,V1_site8_A
8000416,2028.31,,V1_site8_A
8000417,2043.08,,V1_site8_A
8000418,2068.5,,V1_site8_A
8000419,2061.9,,V1_site8_A
8000420,2038.4,,V1_site8_A
8000421,2034.03,,V1_site8_A
8000422,2050.35,,V1_site8_A
8000423,855.94,,V1_site8_A
8000424,2066.03,,V1_site8_A
8000425,2044.24,,V1_site8_A
8000426,2045.39,,V1_site8_A
8000427,2034.58,,V1_site8_A
8000428,2068.9,,V1_site8_A
8000429,2038.95,,V1_site8_A
8000430,2046.56,,V1_site8_A
8000431,2056.39,,V1_site8_A
8000432,2037.22,,V1_site8_A
8000433,2040.16,,V1_site8_A
8000434,2073.55,,V1_site8_A
8000435,2114.14,,V1_site8_A
8000436,2089.51,,V1_site8_A
8000437,2066.31,,V1_site8_A
8000438,2103.27,,V1_site8_A
8000439,2087.43,,V1_site8_A
8000440,2071.79,,V1_site8_A
8000441,2086.72,,V1_site8_A
8000442,2071.33,,V1_site8_A
8000443,2070.91,,V1_site8_A
8000444,2105.87,,V1_site8_A
8000445,855.72,,V1_site8_A
8000446,2088.52,,V1_site8_A
8000447,2126.51,,V1_site8_A
8000448,2152.2,,V1_site8_A
8000449,2132.86,,V1_site8_A
8000450,2146.36,,V1_site8_A
8000451,2135.09,,V1_site8_A
8000452,2150.06,,V1_site8_A
8000453,2116.87,,V1_site8_A
8000454,855.66,,V1_site8_A
8000455,2124.39,,V1_site8_A
8000456,2120.93,,V1_site8_A
8000457,2132.98,,V1_site8_A
8000458,2142.15,,V1_site8_A
8000459,2134.46,,V1_site8_A
8000460,2178.88,,V1_site8_A
8000461,2182.79,,V1_site8_A
8000462,2202.38,,V1_site8_A
8000463,2169.13,,V1_site8_A
8000464,2190.31,,V1_site8_A
8000465,2163.06,,V1_site8_A
8000466,2158.58,,V1_site8_A
8000467,2189.33,,V1_site8_A
8000468,2176.34,,V1_site8_A
8000469,2163.53,,V1_site8_A
8000470,2176.01,,V1_site8_A
8000471,854.24,,V1_site8_A
8000472,2182.02,,V1_site8_A
8000473,2163.38,,V1_site8_A
8000474,856.02,,V1_site8_A
8000475,2201.0,,V1_site8_A
8000476,2207.65,,V1_site8_A
8000477,2211.97,,V1_site8_A
8000478,2205.31,,V1_site8_A
8000479,2189.26,,V1_site8_A
8000480,2238.77,,V1_site8_A
8000481,2266.63,,V1_site8_A
8000482,2279.69,,V1_site8_A
8000483,2261.12,,V1_site8_A
8000484,2267.61,,V1_site8_A
8000485,2245.99,,V1_site8_A
8000486,2283.16,,V1_site8_A
8000487,2282.33,,V1_site8_A
8000488,2268.03,,V1_site8_A
8000489,2323.12,,V1_site8_A
8000490,2307.6,,V1_site8_A
8000491,2298.99,,V1_site8_A
8000492,2311.95,,V1_site8_A
8000493,2291.34,,V1_site8_A
8000494,2313.31,,V1_site8_A
8000495,2305.11,,V1_site8_A
8000496,2293.83,,V1_site8_A
8000497,2311.76,,V1_site8_A
8000498,2309.19,,V1_site8_A
8000499,2349.47,,V1_site8_A
8000500,2363.82,,V1_site8_A
8000501,2344.63,,V1_site8_A
8000502,2325.71,,V1_site8_A
8000503,2339.91,,V1_site8_A
8000504,2313.85,,V1_site8_A
8000505,2352.81,,V1_site8_A
8000506,2333.28,,V1_site8_A
8000507,2337.05,,V1_site8_A
8000508,2326.06,,V1_site8_A
8000509,2310.43,,V1_site8_A
8000510,2385.21,,V1_site8_A
8000511,2376.36,,V1_site8_A
8000512,2364.34,,V1_site8_A
8000513,2409.31,,V1_site8_A
8000514,2383.74,,V1_site8_A
8000515,2378.85,,V1_site8_A
8000516,2391.95,,V1_site8_A
8000517,2390.73,,V1_site8_A
8000518,2396.25,,V1_site8_A
8000519,2370.82,,V1_site8_A
8000520,2371.33,,V1_site8_A
8000521,2383.58,,V1_site8_A
8000522,2374.16,,V1_site8_A
8000523,2374.37,,V1_site8_A
8000524,2437.98,,V1_site8_A
8000525,2438.55,,V1_site8_A
8000526,2402.88,,V1_site8_A
8000527,2400.79,,V1_site8_A
8000528,2410.63,,V1_site8_A
8000529,2396.99,,V1_site8_A
8000530,2401.47,,V1_site8_A
8000531,2412.29,,V1_site8_A
8000532,2428.3,,V1_site8_A
8000533,2423.87,,V1_site8_A
8000534,2422.29,,V1_site8_A
8000535,2422.44,,V1_site8_A
8000536,2422.8,,V1_site8_A
8000537,2439.98,,V1_site8_A
8000538,2436.64,,V1_site8_A
8000539,2440.48,,V1_site8_A
8000540,2459.54,,V1_site8_A
8000541,2454.45,,V1_site8_A
8000542,2456.99,,V1_site8_A
8000543,2454.79,,V1_site8_A
8000544,2434.75,,V1_site8_A
8000545,2463.97,,V1_site8_A
8000546,2454.26,,V1_site8_A
8000547,2456.16,,V1_site8_A
8000548,2462.02,,V1_site8_A
8000549,2473.07,,V1_site8_A
8000550,2501.77,,V1_site8_A
8000551,2506.08,,V1_site8_A
8000552,2510.96,,V1_site8_A
8000553,2502.28,,V1_site8_A
8000554,2489.9,,V1_site8_A
8000555,2502.35,,V1_site8_A
8000556,2492.29,,V1_site8_A
8000557,2540.9,,V1_site8_A
8000558,2538.49,,V1_site8_A
8000559,2541.85,,V1_site8_A
8000560,2542.5,,V1_site8_A
8000561,2554.29,,V1_site8_A
8000562,2552.38,,V1_site8_A
8000563,2557.74,,V1_site8_A
8000564,2548.56,,V1_site8_A
8000565,2529.09,,V1_site8_A
8000566,2568.48,,V1_site8_A
8000567,2534.85,,V1_site8_A
8000568,2578.98,,V1_site8_A
8000569,2602.36,,V1_site8_A
8000570,2569.07,,V1_site8_A
8000571,2564.54,,V1_site8_A
8000572,2562.92,,V1_site8_A
8000573,2591.84,,V1_site8_A
8000574,2564.16,,V1_site8_A
8000575,2584.38,,V1_site8_A
8000576,2615.23,,V1_site8_A
8000577,2607.75,,V1_site8_A
8000578,2611.01,,V1_site8_A
8000579,2624.35,,V1_site8_A
8000580,2601.36,,V1_site8_A
8000581,2619.82,,V1_site8_A
8000582,2598.65,,V1_site8_A
8000583,2642.21,,V1_site8_A
8000584,2623.08,,V1_site8_A
8000585,2602.76,,V1_site8_A
8000586,2642.57,,V1_site8_A
8000587,2638.17,,V1_site8_A
8000588,2636.23,,V1_site8_A
8000589,2606.07,,V1_site8_A
8000590,2646.73,,V1_site8_A
8000591,2671.74,,V1_site8_A
8000592,2678.32,,V1_site8_A
8000593,2683.88,,V1_site8_A
8000594,2648.6,,V1_site8_A
8000595,2660.9,,V1_site8_A
8000596,2658.65,,V1_site8_A
8000597,2667.06,,V1_site8_A
8000598,2659.77,,V1_site8_A
8000599,2674.84,,V1_site8_A
8000600,2721.86,,V1_site8_A
8000601,2687.32,,V1_site8_A
8000602,2713.69,,V1_site8_A
8000603,2702.72,,V1_site8_A
8000604,2707.95,,V1_site8_A
8000605,2722.05,,V1_site8_A
8000606,2717.57,,V1_site8_A
8000607,2684.28,,V1_site8_A
8000608,2677.06,,V1_site8_A
8000609,2706.19,,V1_site8_A
8000610,2698.08,,V1_site8_A
8000611,2701.15,,V1_site8_A
8000612,2699.05,,V1_site8_A
8000613,2698.44,,V1_site8_A
8000614,2753.95,,V1_site8_A
8000615,2720.16,,V1_site8_A
8000616,2727.38,,V1_site8_A
8000617,2745.41,,V1_site8_A
8000618,2729.39,,V1_site8_A
8000619,2747.88,,V1_site8_A
8000620,2746.85,,V1_site8_A
8000621,2755.33,,V1_site8_A
8000622,2728.97,,V1_site8_A
8000623,2748.92,,V1_site8_A
8000624,2736.44,,V1_site8_A
8000625,2790.36,,V1_site8_A
8000626,2761.31,,V1_site8_A
8000627,2762.66,,V1_site8_A
8000628,2795.93,,V1_site8_A
8000629,2781.84,,V1_site8_A
8000630,2769.09,,V1_site8_A
8000631,2783.68,,V1_site8_A
8000632,2763.97,,V1_site8_A
8000633,2764.39,,V1_site8_A
8000634,2759.31,,V1_site8_A
8000635,2819.21,,V1_site8_A
8000636,2813.31,,V1_site8_A
8000637,2820.0,,V1_site8_A
8000638,2813.38,,V1_site8_A
8000639,2825.91,,V1_site8_A
8000640,2838.45,,V1_site8_A
8000641,2817.39,,V1_site8_A
8000642,2815.46,,V1_site8_A
8000643,2795.39,,V1_site8_A
8000644,2825.93,,V1_site8_A
8000645,2808.27,,V1_site8_A
8000646,2836.03,,V1_site8_A
8000647,2857.85,,V1_site8_A
8000648,2816.73,,V1_site8_A
8000649,2868.19,,V1_site8_A
8000650,2838.23,,V1_site8_A
8000651,2845.43,,V1_site8_A
8000652,2877.16,,V1_site8_A
8000653,2856.61,,V1_site8_A
8000654,2858.15,,V1_site8_A
8000655,2845.84,,V1_site8_A
8000656,2839.19,,V1_site8_A
8000657,2866.17,,V1_site8_A
8000658,2860.5,,V1_site8_A
8000659,2855.31,,V1_site8_A
8000660,2855.59,,V1_site8_A
8000661,2840.14,,V1_site8_A
8000662,2892.85,,V1_site8_A
8000663,2882.48,,V1_site8_A
8000664,2895.76,,V1_site8_A
8000665,2881.05,,V1_site8_A
8000666,2896.02,,V1_site8_A
8000667,2901.21,,V1_site8_A
8000668,2885.75,,V1_site8_A
8000669,2891.58,,V1_site8_A
8000670,853.8,,V1_site8_A
8000671,2885.35,,V1_site8_A
8000672,2886.05,,V1_site8_A
8000673,2928.91,,V1_site8_A
8000674,2914.13,,V1_site8_A
8000675,848.45,,V1_site8_A
8000676,2922.97,,V1_site8_A
8000677,2904.36,,V1_site8_A
8000678,845.56,,V1_site8_A
8000679,2954.12,,V1_site8_A
8000680,2997.7,,V1_site8_A
8000681,850.51,,V1_site8_A
8000682,0.29,,V1_site8_A
8000683,2997.36,,V1_site8_A
8000684,142.46,,V1_site8_A
8000685,3039.4,,V1_site8_A
8000686,3062.9,,V1_site8_A
8000687,27.9,,V1_site8_A
8000688,832.56,,V1_site8_A
8000689,836.15,,V1_site8_A
8000690,3143.59,,V1_site8_A
8000691,176.29,,V1_site8_A
8000692,834.45,,V1_site8_A
8000693,-123.51,,V1_site8_A
8000694,845.29,,V1_site8_A
8000695,844.98,,V1_site8_A
8000696,843.17,,V1_site8_A
8000697,3297.47,,V1_site8_A
8000698,819.91,,V1_site8_A
8000699,837.81,,V1_site8_A
8000700,3380.49,,V1_site8_A
8000701,844.63,,V1_site8_A
8000702,837.84,,V1_site8_A
8000703,838.7,,V1_site8_A
8000704,848.01,,V1_site8_A
8000705,857.21,,V1_site8_A
8000706,849.52,,V1_site8_A
8000707,852.52,,V1_site8_A
8000708,847.23,,V1_site8_A
8000709,836.7,,V1_site8_A
8000710,853.64,,V1_site8_A
8000711,851.34,,V1_site8_A
8000712,830.49,,V1_site8_A
8000713,844.09,,V1_site8_A
8000714,3627.37,,V1_site8_A
8000715,842.37,,V1_site8_A
8000716,-833.92,,V1_site8_A
8000717,3701.84,,V1_site8_A
8000718,3699.95,,V1_site8_A
8000719,847.36,,V1_site8_A
8000720,852.88,,V1_site8_A
8000721,2582.69,,V1_site8_B
8000722,21.76,,V1_site8_B
8000723,54.99,,V1_site8_B
8000724,2540.45,,V1_site8_B
8000725,90.23,,V1_site8_B
8000726,2579.93,,V1_site8_B
8000727,148.67,,V1_site8_B
8000728,2442.72,,V1_site8_B
8000729,161.86,,V1_site8_B
8000730,2708.82,,V1_site8_B
8000731,179.04,,V1_site8_B
8000732,2555.84,,V1_site8_B
8000733,205.99,,V1_site8_B
8000734,-311.07,,V1_site8_B
8000735,2684.1,,V1_site8_B
8000736,3157.5,,V1_site8_B
8000737,2924.9,,V1_site8_B
8000738,-52.63,,V1_site8_B
8000739,2662.72,,V1_site8_B
8000740,2507.38,,V1_site8_B
8000741,2422.13,,V1_site8_B
8000742,-362.78,,V1_site8_B
8000743,-12.15,,V1_site8_B
8000744,2702.11,,V1_site8_B
8000745,2656.27,,V1_site8_B
8000746,25.62,,V1_site8_B
8000747,21.82,,V1_site8_B
8000748,2547.32,,V1_site8_B
8000749,2690.19,,V1_site8_B
8000750,540.58,,V1_site8_B
8000751,2572.3,,V1_site8_B
8000752,580.43,,V1_site8_B
8000753,627.78,,V1_site8_B
8000754,2700.1,,V1_site8_B
8000755,2556.34,,V1_site8_B
8000756,2747.66,,V1_site8_B
8000757,711.34,,V1_site8_B
8000758,677.42,,V1_site8_B
8000759,2539.65,,V1_site8_B
8000760,753.7,,V1_site8_B
8000761,2565.83,,V1_site8_B
8000762,793.84,,V1_site8_B
8000763,833.76,,V1_site8_B
8000764,832.0,,V1_site8_B
8000765,870.35,,V1_site8_B
8000766,877.86,,V1_site8_B
8000767,857.5,,V1_site8_B
8000768,904.99,,V1_site8_B
8000769,908.65,,V1_site8_B
8000770,926.57,,V1_site8_B
8000771,910.06,,V1_site8_B
8000772,942.68,,V1_site8_B
8000773,972.26,,V1_site8_B
8000774,955.85,,V1_site8_B
8000775,969.18,,V1_site8_B
8000776,972.22,,V1_site8_B
8000777,959.97,,V1_site8_B
8000778,933.01,,V1_site8_B
8000779,951.97,,V1_site8_B
8000780,950.08,,V1_site8_B
8000781,961.26,,V1_site8_B
8000782,933.2,,V1_site8_B
8000783,963.31,,V1_site8_B
8000784,990.06,,V1_site8_B
8000785,977.12,,V1_site8_B
8000786,971.38,,V1_site8_B
8000787,973.39,,V1_site8_B
8000788,988.5,,V1_site8_B
8000789,998.46,,V1_site8_B
8000790,958.23,,V1_site8_B
8000791,956.86,,V1_site8_B
8000792,967.68,,V1_site8_B
8000793,981.45,,V1_site8_B
8000794,953.52,,V1_site8_B
8000795,962.95,,V1_site8_B
8000796,962.04,,V1_site8_B
8000797,983.49,,V1_site8_B
8000798,992.89,,V1_site8_B
8000799,986.69,,V1_site8_B
8000800,972.52,,V1_site8_B
8000801,1023.04,,V1_site8_B
8000802,1004.89,,V1_site8_B
8000803,1020.17,,V1_site8_B
8000804,1003.37,,V1_site8_B
8000805,1039.93,,V1_site8_B
8000806,1008.43,,V1_site8_B
8000807,1032.3,,V1_site8_B
8000808,1018.46,,V1_site8_B
8000809,1033.63,,V1_site8_B
8000810,1000.26,,V1_site8_B
8000811,1033.86,,V1_site8_B
8000812,1029.52,,V1_site8_B
8000813,1029.16,,V1_site8_B
8000814,1003.07,,V1_site8_B
8000815,1023.95,,V1_site8_B
8000816,1008.1,,V1_site8_B
8000817,1005.84,,V1_site8_B
8000818,1071.31,,V1_site8_B
8000819,2505.49,,V1_site8_B
8000820,1061.54,,V1_site8_B
8000821,1064.86,,V1_site8_B
8000822,1069.4,,V1_site8_B
8000823,1113.33,,V1_site8_B
8000824,1094.93,,V1_site8_B
8000825,1086.24,,V1_site8_B
8000826,1109.86,,V1_site8_B
8000827,1082.87,,V1_site8_B
8000828,1100.56,,V1_site8_B
8000829,1150.39,,V1_site8_B
8000830,1140.73,,V1_site8_B
8000831,1155.63,,V1_site8_B
8000832,1142.94,,V1_site8_B
8000833,1183.35,,V1_site8_B
8000834,1198.64,,V1_site8_B
8000835,1163.85,,V1_site8_B
8000836,1191.55,,V1_site8_B
8000837,1176.68,,V1_site8_B
8000838,1184.19,,V1_site8_B
8000839,1180.33,,V1_site8_B
8000840,1239.29,,V1_site8_B
8000841,1210.12,,V1_site8_B
8000842,1206.33,,V1_site8_B
8000843,1217.62,,V1_site8_B
8000844,1208.52,,V1_site8_B
8000845,1227.87,,V1_site8_B
8000846,1225.03,,V1_site8_B
8000847,1223.17,,V1_site8_B
8000848,1211.79,,V1_site8_B
8000849,1214.76,,V1_site8_B
8000850,1281.04,,V1_site8_B
8000851,1276.44,,V1_site8_B
8000852,1249.08,,V1_site8_B
8000853,1276.87,,V1_site8_B
8000854,1274.66,,V1_site8_B
8000855,1260.1,,V1_site8_B
8000856,1270.09,,V1_site8_B
8000857,1265.83,,V1_site8_B
8000858,1247.04,,V1_site8_B
8000859,1303.8,,V1_site8_B
8000860,1304.29,,V1_site8_B
8000861,1283.83,,V1_site8_B
8000862,1285.6,,V1_site8_B
8000863,1301.93,,V1_site8_B
8000864,1288.08,,V1_site8_B
8000865,1311.58,,V1_site8_B
8000866,1305.66,,V1_site8_B
8000867,1306.07,,V1_site8_B
8000868,1322.26,,V1_site8_B
8000869,1310.75,,V1_site8_B
8000870,1347.35,,V1_site8_B
8000871,1353.95,,V1_site8_B
8000872,1347.27,,V1_site8_B
8000873,1318.2,,V1_site8_B
8000874,1329.24,,V1_site8_B
8000875,1351.26,,V1_site8_B
8000876,1328.11,,V1_site8_B
8000877,1371.84,,V1_site8_B
8000878,1335.76,,V1_site8_B
8000879,1341.83,,V1_site8_B
8000880,1313.53,,V1_site8_B
8000881,1355.23,,V1_site8_B
8000882,1357.58,,V1_site8_B
8000883,1401.6,,V1_site8_B
8000884,1378.48,,V1_site8_B
8000885,1383.93,,V1_site8_B
8000886,1387.77,,V1_site8_B
8000887,1388.61,,V1_site8_B
8000888,1362.43,,V1_site8_B
8000889,1382.78,,V1_site8_B
8000890,1372.18,,V1_site8_B
8000891,1361.43,,V1_site8_B
8000892,1375.22,,V1_site8_B
8000893,1401.35,,V1_site8_B
8000894,1366.17,,V1_site8_B
8000895,1416.0,,V1_site8_B
8000896,1428.07,,V1_site8_B
8000897,1404.13,,V1_site8_B
8000898,1425.76,,V1_site8_B
8000899,1422.17,,V1_site8_B
8000900,1438.03,,V1_site8_B
8000901,1417.63,,V1_site8_B
8000902,1423.03,,V1_site8_B
8000903,1391.97,,V1_site8_B
8000904,1480.81,,V1_site8_B
8000905,1441.43,,V1_site8_B
8000906,1475.81,,V1_site8_B
8000907,1441.32,,V1_site8_B
8000908,1462.19,,V1_site8_B
8000909,1452.31,,V1_site8_B
8000910,1455.43,,V1_site8_B
8000911,1459.72,,V1_site8_B
8000912,1487.74,,V1_site8_B
8000913,1501.02,,V1_site8_B
8000914,1518.17,,V1_site8_B
8000915,1495.58,,V1_site8_B
8000916,1500.82,,V1_site8_B
8000917,1501.75,,V1_site8_B
8000918,1499.44,,V1_site8_B
8000919,1474.49,,V1_site8_B
8000920,1519.44,,V1_site8_B
8000921,1490.17,,V1_site8_B
8000922,1494.7,,V1_site8_B
8000923,1512.97,,V1_site8_B
8000924,1542.34,,V1_site8_B
8000925,1551.11,,V1_site8_B
8000926,1538.61,,V1_site8_B
8000927,1510.38,,V1_site8_B
8000928,1575.72,,V1_site8_B
8000929,1586.24,,V1_site8_B
8000930,1584.35,,V1_site8_B
8000931,1586.26,,V1_site8_B
8000932,1578.16,,V1_site8_B
8000933,1557.0,,V1_site8_B
8000934,1560.87,,V1_site8_B
8000935,1575.25,,V1_site8_B
8000936,1637.11,,V1_site8_B
8000937,1599.6,,V1_site8_B
8000938,1631.39,,V1_site8_B
8000939,1608.53,,V1_site8_B
8000940,1617.35,,V1_site8_B
8000941,1624.06,,V1_site8_B
8000942,1607.29,,V1_site8_B
8000943,1607.98,,V1_site8_B
8000944,1629.18,,V1_site8_B
8000945,1640.95,,V1_site8_B
8000946,1623.37,,V1_site8_B
8000947,1618.59,,V1_site8_B
8000948,1662.23,,V1_site8_B
8000949,1665.99,,V1_site8_B
8000950,1646.09,,V1_site8_B
8000951,1643.17,,V1_site8_B
8000952,1658.54,,V1_site8_B
8000953,1663.08,,V1_site8_B
8000954,1656.07,,V1_site8_B
8000955,1679.93,,V1_site8_B
8000956,1658.85,,V1_site8_B
8000957,1680.18,,V1_site8_B
8000958,1664.25,,V1_site8_B
8000959,1685.36,,V1_site8_B
8000960,1648.04,,V1_site8_B
8000961,1641.37,,V1_site8_B
8000962,1660.21,,V1_site8_B
8000963,1678.96,,V1_site8_B
8000964,1667.49,,V1_site8_B
8000965,1707.67,,V1_site8_B
8000966,1700.35,,V1_site8_B
8000967,1682.02,,V1_site8_B
8000968,1671.31,,V1_site8_B
8000969,1701.58,,V1_site8_B
8000970,1701.23,,V1_site8_B
8000971,1713.59,,V1_site8_B
8000972,1743.83,,V1_site8_B
8000973,1727.81,,V1_site8_B
8000974,1733.5,,V1_site8_B
8000975,1750.05,,V1_site8_B
8000976,1708.52,,V1_site8_B
8000977,1727.16,,V1_site8_B
8000978,1738.9,,V1_site8_B
8000979,1759.09,,V1_site8_B
8000980,1781.28,,V1_site8_B
8000981,1778.3,,V1_site8_B
8000982,1773.72,,V1_site8_B
8000983,1776.31,,V1_site8_B
8000984,1763.64,,V1_site8_B
8000985,1769.78,,V1_site8_B
8000986,1782.52,,V1_site8_B
8000987,1759.02,,V1_site8_B
8000988,1776.87,,V1_site8_B
8000989,1803.42,,V1_site8_B
8000990,1804.47,,V1_site8_B
8000991,1804.09,,V1_site8_B
8000992,1824.98,,V1_site8_B
8000993,1818.73,,V1_site8_B
8000994,1800.2,,V1_site8_B
8000995,1819.57,,V1_site8_B
8000996,1831.68,,V1_site8_B
8000997,1823.18,,V1_site8_B
8000998,1838.64,,V1_site8_B
8000999,1845.61,,V1_site8_B
8001000,1849.44,,V1_site8_B
8001001,1847.54,,V1_site8_B
8001002,1856.21,,V1_site8_B
8001003,1866.99,,V1_site8_B
8001004,1847.57,,V1_site8_B
8001005,1878.25,,V1_site8_B
8001006,1877.27,,V1_site8_B
8001007,1891.17,,V1_site8_B
8001008,1896.51,,V1_site8_B
8001009,1901.32,,V1_site8_B
8001010,1948.36,,V1_site8_B
8001011,1916.92,,V1_site8_B
8001012,1941.35,,V1_site8_B
8001013,1915.33,,V1_site8_B
8001014,1994.21,,V1_site8_B
8001015,1990.37,,V1_site8_B
8001016,1974.14,,V1_site8_B
8001017,2030.03,,V1_site8_B
8001018,2028.74,,V1_site8_B
8001019,2089.38,,V1_site8_B
8001020,2067.74,,V1_site8_B
8001021,2078.87,,V1_site8_B
8001022,2073.39,,V1_site8_B
8001023,2060.9,,V1_site8_B
8001024,2037.79,,V1_site8_B
8001025,2066.53,,V1_site8_B
8001026,2061.39,,V1_site8_B
8001027,2065.86,,V1_site8_B
8001028,2060.85,,V1_site8_B
8001029,2055.15,,V1_site8_B
8001030,2078.96,,V1_site8_B
8001031,2073.11,,V1_site8_B
8001032,2111.1,,V1_site8_B
8001033,2106.29,,V1_site8_B
8001034,2083.01,,V1_site8_B
8001035,2100.5,,V1_site8_B
8001036,2102.97,,V1_site8_B
8001037,2107.82,,V1_site8_B
8001038,2100.71,,V1_site8_B
8001039,2082.37,,V1_site8_B
8001040,2099.1,,V1_site8_B
8001041,2108.86,,V1_site8_B
8001042,2092.26,,V1_site8_B
8001043,2089.58,,V1_site8_B
8001044,2101.26,,V1_site8_B
8001045,2110.93,,V1_site8_B
8001046,2157.17,,V1_site8_B
8001047,2114.52,,V1_site8_B
8001048,2169.29,,V1_site8_B
8001049,2138.01,,V1_site8_B
8001050,2159.71,,V1_site8_B
8001051,2160.51,,V1_site8_B
8001052,2119.27,,V1_site8_B
8001053,2143.89,,V1_site8_B
8001054,2126.69,,V1_site8_B
8001055,2160.94,,V1_site8_B
8001056,2119.61,,V1_site8_B
8001057,2151.45,,V1_site8_B
8001058,2135.03,,V1_site8_B
8001059,2165.9,,V1_site8_B
8001060,2183.66,,V1_site8_B
8001061,2204.94,,V1_site8_B
8001062,2156.08,,V1_site8_B
8001063,2187.76,,V1_site8_B
8001064,2193.96,,V1_site8_B
8001065,2188.23,,V1_site8_B
8001066,2195.28,,V1_site8_B
8001067,2194.52,,V1_site8_B
8001068,2176.27,,V1_site8_B
8001069,2179.65,,V1_site8_B
8001070,2173.93,,V1_site8_B
8001071,2231.45,,V1_site8_B
8001072,2240.67,,V1_site8_B
8001073,2207.99,,V1_site8_B
8001074,2213.83,,V1_site8_B
8001075,2247.04,,V1_site8_B
8001076,2233.25,,V1_site8_B
8001077,2232.14,,V1_site8_B
8001078,2235.45,,V1_site8_B
8001079,2209.91,,V1_site8_B
8001080,2238.26,,V1_site8_B
8001081,2231.89,,V1_site8_B
8001082,2226.76,,V1_site8_B
8001083,2220.89,,V1_site8_B
8001084,2213.21,,V1_site8_B
8001085,2228.47,,V1_site8_B
8001086,2226.43,,V1_site8_B
8001087,2233.12,,V1_site8_B
8001088,2211.43,,V1_site8_B
8001089,2227.69,,V1_site8_B
8001090,2216.62,,V1_site8_B
8001091,2203.04,,V1_site8_B
8001092,2268.87,,V1_site8_B
8001093,2267.65,,V1_site8_B
8001094,2262.99,,V1_site8_B
8001095,2238.0,,V1_site8_B
8001096,2263.54,,V1_site8_B
8001097,2290.51,,V1_site8_B
8001098,2250.13,,V1_site8_B
8001099,2263.81,,V1_site8_B
8001100,2268.11,,V1_site8_B
8001101,2243.17,,V1_site8_B
8001102,2254.89,,V1_site8_B
8001103,2252.25,,V1_site8_B
8001104,2273.94,,V1_site8_B
8001105,2246.26,,V1_site8_B
8001106,2262.79,,V1_site8_B
8001107,2268.32,,V1_site8_B
8001108,2284.2,,V1_site8_B
8001109,2285.85,,V1_site8_B
8001110,2310.07,,V1_site8_B
8001111,2302.52,,V1_site8_B
8001112,2302.52,,V1_site8_B
8001113,2294.53,,V1_site8_B
8001114,2303.19,,V1_site8_B
8001115,2307.89,,V1_site8_B
8001116,2293.3,,V1_site8_B
8001117,2301.95,,V1_site8_B
8001118,2295.16,,V1_site8_B
8001119,2310.61,,V1_site8_B
8001120,2296.4,,V1_site8_B
8001121,2305.12,,V1_site8_B
8001122,2273.46,,V1_site8_B
8001123,2344.35,,V1_site8_B
8001124,2329.19,,V1_site8_B
8001125,2345.78,,V1_site8_B
8001126,2389.58,,V1_site8_B
8001127,2349.96,,V1_site8_B
8001128,2353.0,,V1_site8_B
8001129,2396.82,,V1_site8_B
8001130,2367.98,,V1_site8_B
8001131,2373.95,,V1_site8_B
8001132,2329.91,,V1_site8_B
8001133,2311.63,,V1_site8_B
8001134,2347.32,,V1_site8_B
8001135,2365.67,,V1_site8_B
8001136,2331.37,,V1_site8_B
8001137,2360.21,,V1_site8_B
8001138,2333.58,,V1_site8_B
8001139,2343.29,,V1_site8_B
8001140,2374.76,,V1_site8_B
8001141,2336.72,,V1_site8_B
8001142,2360.7,,V1_site8_B
8001143,2394.0,,V1_site8_B
8001144,2400.22,,V1_site8_B
8001145,2379.57,,V1_site8_B
8001146,2376.17,,V1_site8_B
8001147,2362.91,,V1_site8_B
8001148,2407.05,,V1_site8_B
8001149,2391.86,,V1_site8_B
8001150,2374.25,,V1_site8_B
8001151,2394.39,,V1_site8_B
8001152,2372.12,,V1_site8_B
8001153,2382.48,,V1_site8_B
8001154,2406.56,,V1_site8_B
8001155,2424.49,,V1_site8_B
8001156,2425.22,,V1_site8_B
8001157,2412.32,,V1_site8_B
8001158,2437.97,,V1_site8_B
8001159,2432.87,,V1_site8_B
8001160,2438.69,,V1_site8_B
8001161,2429.93,,V1_site8_B
8001162,2409.49,,V1_site8_B
8001163,2417.85,,V1_site8_B
8001164,2425.78,,V1_site8_B
8001165,2416.32,,V1_site8_B
8001166,2504.14,,V1_site8_B
8001167,2444.19,,V1_site8_B
8001168,2472.61,,V1_site8_B
8001169,2447.13,,V1_site8_B
8001170,2448.56,,V1_site8_B
8001171,2482.05,,V1_site8_B
8001172,2471.64,,V1_site8_B
8001173,2470.68,,V1_site8_B
8001174,2475.22,,V1_site8_B
8001175,2459.6,,V1_site8_B
8001176,2476.48,,V1_site8_B
8001177,2507.48,,V1_site8_B
8001178,2499.12,,V1_site8_B
8001179,2531.5,,V1_site8_B
8001180,2487.83,,V1_site8_B
8001181,2523.0,,V1_site8_B
8001182,2509.0,,V1_site8_B
8001183,2504.88,,V1_site8_B
8001184,2512.7,,V1_site8_B
8001185,2487.48,,V1_site8_B
8001186,2495.94,,V1_site8_B
8001187,2501.31,,V1_site8_B
8001188,2479.22,,V1_site8_B
8001189,2493.3,,V1_site8_B
8001190,2508.43,,V1_site8_B
8001191,2487.25,,V1_site8_B
8001192,2510.77,,V1_site8_B
8001193,2491.52,,V1_site8_B
8001194,2534.78,,V1_site8_B
8001195,2572.03,,V1_site8_B
8001196,2542.23,,V1_site8_B
8001197,2527.76,,V1_site8_B
8001198,2543.93,,V1_site8_B
8001199,2549.28,,V1_site8_B
8001200,2571.46,,V1_site8_B
8001201,2536.28,,V1_site8_B
8001202,2552.37,,V1_site8_B
8001203,2529.15,,V1_site8_B
8001204,2529.28,,V1_site8_B
8001205,2549.34,,V1_site8_B
8001206,2522.73,,V1_site8_B
8001207,2528.0,,V1_site8_B
8001208,2544.13,,V1_site8_B
8001209,2530.3,,V1_site8_B
8001210,2529.91,,V1_site8_B
8001211,2531.61,,V1_site8_B
8001212,2561.44,,V1_site8_B
8001213,2531.24,,V1_site8_B
8001214,2542.36,,V1_site8_B
8001215,2544.86,,V1_site8_B
8001216,2567.83,,V1_site8_B
8001217,2592.27,,V1_site8_B
8001218,2575.42,,V1_site8_B
8001219,2581.48,,V1_site8_B
8001220,2592.91,,V1_site8_B
8001221,2574.21,,V1_site8_B
8001222,2611.5,,V1_site8_B
8001223,2568.47,,V1_site8_B
8001224,2578.95,,V1_site8_B
8001225,2568.99,,V1_site8_B
8001226,2559.01,,V1_site8_B
8001227,2593.36,,V1_site8_B
8001228,2633.92,,V1_site8_B
8001229,2592.11,,V1_site8_B
8001230,2573.66,,V1_site8_B
8001231,2577.76,,V1_site8_B
8001232,2565.34,,V1_site8_B
8001233,2574.38,,V1_site8_B
8001234,2558.55,,V1_site8_B
8001235,2573.71,,V1_site8_B
8001236,2592.31,,V1_site8_B
8001237,2568.56,,V1_site8_B
8001238,2586.9,,V1_site8_B
8001239,2570.39,,V1_site8_B
8001240,2585.51,,V1_site8_B
8001241,2588.78,,V1_site8_B
8001242,2590.01,,V1_site8_B
8001243,2591.14,,V1_site8_B
8001244,2549.16,,V1_site8_B
8001245,2575.84,,V1_site8_B
8001246,2573.06,,V1_site8_B
8001247,2581.69,,V1_site8_B
8001248,2575.31,,V1_site8_B
8001249,2589.23,,V1_site8_B
8001250,2616.76,,V1_site8_B
8001251,2602.33,,V1_site8_B
8001252,2638.07,,V1_site8_B
8001253,2623.32,,V1_site8_B
8001254,2632.82,,V1_site8_B
8001255,2630.58,,V1_site8_B
8001256,2629.75,,V1_site8_B
8001257,2647.76,,V1_site8_B
8001258,2618.43,,V1_site8_B
8001259,2627.72,,V1_site8_B
8001260,2627.35,,V1_site8_B
8001261,2606.3,,V1_site8_B
8001262,2648.89,,V1_site8_B
8001263,2606.92,,V1_site8_B
8001264,2603.54,,V1_site8_B
8001265,2656.96,,V1_site8_B
8001266,2644.33,,V1_site8_B
8001267,2626.19,,V1_site8_B
8001268,2613.53,,V1_site8_B
8001269,2624.91,,V1_site8_B
8001270,2602.74,,V1_site8_B
8001271,2610.88,,V1_site8_B
8001272,2619.04,,V1_site8_B
8001273,2632.59,,V1_site8_B
8001274,2626.98,,V1_site8_B
8001275,2620.29,,V1_site8_B
8001276,2673.0,,V1_site8_B
8001277,2664.03,,V1_site8_B
8001278,2661.27,,V1_site8_B
8001279,2662.6,,V1_site8_B
8001280,2649.08,,V1_site8_B
8001281,2668.86,,V1_site8_B
8001282,2667.88,,V1_site8_B
8001283,2680.03,,V1_site8_B
8001284,2666.89,,V1_site8_B
8001285,2657.38,,V1_site8_B
8001286,2682.46,,V1_site8_B
8001287,2711.2,,V1_site8_B
8001288,2672.93,,V1_site8_B
8001289,2663.19,,V1_site8_B
8001290,2639.32,,V1_site8_B
8001291,2643.52,,V1_site8_B
8001292,2665.86,,V1_site8_B
8001293,2688.89,,V1_site8_B
8001294,2664.47,,V1_site8_B
8001295,2653.75,,V1_site8_B
8001296,2687.0,,V1_site8_B
8001297,2678.06,,V1_site8_B
8001298,2639.8,,V1_site8_B
8001299,2667.28,,V1_site8_B
8001300,2667.79,,V1_site8_B
8001301,2659.87,,V1_site8_B
8001302,2653.97,,V1_site8_B
8001303,2710.05,,V1_site8_B
8001304,2691.37,,V1_site8_B
8001305,2711.13,,V1_site8_B
8001306,2705.12,,V1_site8_B
8001307,2675.44,,V1_site8_B
8001308,2674.27,,V1_site8_B
8001309,2698.04,,V1_site8_B
8001310,2679.79,,V1_site8_B
8001311,2708.81,,V1_site8_B
8001312,2684.09,,V1_site8_B
8001313,2685.36,,V1_site8_B
8001314,2685.88,,V1_site8_B
8001315,2686.64,,V1_site8_B
8001316,2720.54,,V1_site8_B
8001317,2692.77,,V1_site8_B
8001318,2685.72,,V1_site8_B
8001319,2694.94,,V1_site8_B
8001320,2690.45,,V1_site8_B
8001321,2710.12,,V1_site8_B
8001322,2722.11,,V1_site8_B
8001323,2721.96,,V1_site8_B
8001324,2708.82,,V1_site8_B
8001325,2710.34,,V1_site8_B
8001326,2748.89,,V1_site8_B
8001327,2744.78,,V1_site8_B
8001328,2722.93,,V1_site8_B
8001329,2735.09,,V1_site8_B
8001330,2736.69,,V1_site8_B
8001331,2798.9,,V1_site8_B
8001332,2759.27,,V1_site8_B
8001333,2741.6,,V1_site8_B
8001334,2748.25,,V1_site8_B
8001335,2744.33,,V1_site8_B
8001336,2752.72,,V1_site8_B
8001337,2731.66,,V1_site8_B
8001338,2755.69,,V1_site8_B
8001339,2748.98,,V1_site8_B
8001340,2786.01,,V1_site8_B
8001341,2777.94,,V1_site8_B
8001342,2825.11,,V1_site8_B
8001343,2780.44,,V1_site8_B
8001344,2805.99,,V1_site8_B
8001345,2756.77,,V1_site8_B
8001346,2819.02,,V1_site8_B
8001347,2774.36,,V1_site8_B
8001348,2766.1,,V1_site8_B
8001349,2816.03,,V1_site8_B
8001350,2793.02,,V1_site8_B
8001351,2812.96,,V1_site8_B
8001352,2786.18,,V1_site8_B
8001353,2799.52,,V1_site8_B
8001354,2797.68,,V1_site8_B
8001355,2764.22,,V1_site8_B
8001356,2774.1,,V1_site8_B
8001357,2784.88,,V1_site8_B
8001358,2785.35,,V1_site8_B
8001359,2840.17,,V1_site8_B
8001360,2803.78,,V1_site8_B
8001361,2822.85,,V1_site8_B
8001362,2845.04,,V1_site8_B
8001363,2826.04,,V1_site8_B
8001364,2814.32,,V1_site8_B
8001365,2790.19,,V1_site8_B
8001366,2842.53,,V1_site8_B
8001367,2795.8,,V1_site8_B
8001368,2821.35,,V1_site8_B
8001369,2815.5,,V1_site8_B
8001370,2842.2,,V1_site8_B
8001371,2821.3,,V1_site8_B
8001372,2810.5,,V1_site8_B
8001373,2809.44,,V1_site8_B
8001374,2820.55,,V1_site8_B
8001375,2816.77,,V1_site8_B
8001376,2863.75,,V1_site8_B
8001377,2891.95,,V1_site8_B
8001378,2865.48,,V1_site8_B
8001379,2853.04,,V1_site8_B
8001380,2850.53,,V1_site8_B
8001381,2873.73,,V1_site8_B
8001382,2903.86,,V1_site8_B
8001383,2863.45,,V1_site8_B
8001384,2855.34,,V1_site8_B
8001385,2841.73,,V1_site8_B
8001386,2859.19,,V1_site8_B
8001387,2873.27,,V1_site8_B
8001388,2866.4,,V1_site8_B
8001389,2878.45,,V1_site8_B
8001390,2882.07,,V1_site8_B
8001391,2867.63,,V1_site8_B
8001392,2883.98,,V1_site8_B
8001393,2853.42,,V1_site8_B
8001394,2856.06,,V1_site8_B
8001395,2893.69,,V1_site8_B
8001396,2900.67,,V1_site8_B
8001397,2889.19,,V1_site8_B
8001398,2903.23,,V1_site8_B
8001399,2869.25,,V1_site8_B
8001400,2912.52,,V1_site8_B
8001401,2896.03,,V1_site8_B
8001402,2560.03,,V1_site8_B
8001403,2934.29,,V1_site8_B
8001404,2957.51,,V1_site8_B
8001405,2909.18,,V1_site8_B
8001406,2952.18,,V1_site8_B
8001407,2930.89,,V1_site8_B
8001408,2945.48,,V1_site8_B
8001409,2984.24,,V1_site8_B
8001410,2568.42,,V1_site8_B
8001411,2971.59,,V1_site8_B
8001412,2970.07,,V1_site8_B
8001413,2966.91,,V1_site8_B
8001414,2985.38,,V1_site8_B
8001415,3101.88,,V1_site8_B
8001416,-10.18,,V1_site8_B
8001417,3155.7,,V1_site8_B
8001418,30.97,,V1_site8_B
8001419,11.84,,V1_site8_B
8001420,3226.68,,V1_site8_B
8001421,1245.13,,V1_site8_B
8001422,3321.09,,V1_site8_B
8001423,3332.29,,V1_site8_B
8001424,1355.28,,V1_site8_B
8001425,2677.65,,V1_site8_B
8001426,2790.3,,V1_site8_B
8001427,14.49,,V1_site8_B
8001428,4128.3,,V1_site8_B
8001429,-20.83,,V1_site8_B
8001430,16.71,,V1_site8_B
8001431,3583.82,,V1_site8_B
8001432,3633.76,,V1_site8_B
8001433,149.31,,V1_site8_B
8001434,2540.44,,V1_site8_B
8001435,-387.42,,V1_site8_B
8001436,112.03,,V1_site8_B
8001437,2564.35,,V1_site8_B
8001438,3831.22,,V1_site8_B
8001439,21.19,,V1_site8_C
8001440,23.9,,V1_site8_C
8001441,62.47,,V1_site8_C
8001442,65.82,,V1_site8_C
8001443,2218.49,,V1_site8_C
8001444,109.33,,V1_site8_C
8001445,142.44,,V1_site8_C
8001446,142.65,,V1_site8_C
8001447,129.63,,V1_site8_C
8001448,121.37,,V1_site8_C
8001449,123.77,,V1_site8_C
8001450,975.51,,V1_site8_C
8001451,193.48,,V1_site8_C
8001452,164.06,,V1_site8_C
8001453,221.84,,V1_site8_C
8001454,219.94,,V1_site8_C
8001455,249.9,,V1_site8_C
8001456,2829.33,,V1_site8_C
8001457,269.12,,V1_site8_C
8001458,307.67,,V1_site8_C
8001459,311.97,,V1_site8_C
8001460,323.02,,V1_site8_C
8001461,344.82,,V1_site8_C
8001462,343.08,,V1_site8_C
8001463,344.71,,V1_site8_C
8001464,384.11,,V1_site8_C
8001465,396.87,,V1_site8_C
8001466,420.32,,V1_site8_C
8001467,423.16,,V1_site8_C
8001468,453.2,,V1_site8_C
8001469,412.83,,V1_site8_C
8001470,426.42,,V1_site8_C
8001471,457.29,,V1_site8_C
8001472,459.51,,V1_site8_C
8001473,470.09,,V1_site8_C
8001474,511.68,,V1_site8_C
8001475,366.71,,V1_site8_C
8001476,528.59,,V1_site8_C
8001477,500.36,,V1_site8_C
8001478,516.51,,V1_site8_C
8001479,494.76,,V1_site8_C
8001480,518.73,,V1_site8_C
8001481,521.14,,V1_site8_C
8001482,555.09,,V1_site8_C
8001483,517.08,,V1_site8_C
8001484,533.32,,V1_site8_C
8001485,542.63,,V1_site8_C
8001486,538.85,,V1_site8_C
8001487,530.62,,V1_site8_C
8001488,519.27,,V1_site8_C
8001489,552.86,,V1_site8_C
8001490,539.32,,V1_site8_C
8001491,530.94,,V1_site8_C
8001492,596.89,,V1_site8_C
8001493,589.13,,V1_site8_C
8001494,584.76,,V1_site8_C
8001495,571.9,,V1_site8_C
8001496,600.78,,V1_site8_C
8001497,570.77,,V1_site8_C
8001498,572.44,,V1_site8_C
8001499,581.68,,V1_site8_C
8001500,610.89,,V1_site8_C
8001501,600.97,,V1_site8_C
8001502,611.99,,V1_site8_C
8001503,621.0,,V1_site8_C
8001504,642.84,,V1_site8_C
8001505,627.74,,V1_site8_C
8001506,597.84,,V1_site8_C
8001507,612.68,,V1_site8_C
8001508,616.91,,V1_site8_C
8001509,630.64,,V1_site8_C
8001510,606.06,,V1_site8_C
8001511,617.51,,V1_site8_C
8001512,614.27,,V1_site8_C
8001513,601.85,,V1_site8_C
8001514,604.63,,V1_site8_C
8001515,623.17,,V1_site8_C
8001516,608.96,,V1_site8_C
8001517,597.64,,V1_site8_C
8001518,606.51,,V1_site8_C
8001519,630.0,,V1_site8_C
8001520,608.77,,V1_site8_C
8001521,639.56,,V1_site8_C
8001522,619.59,,V1_site8_C
8001523,634.58,,V1_site8_C
8001524,626.4,,V1_site8_C
8001525,688.45,,V1_site8_C
8001526,634.44,,V1_site8_C
8001527,673.02,,V1_site8_C
8001528,643.82,,V1_site8_C
8001529,686.26,,V1_site8_C
8001530,667.27,,V1_site8_C
8001531,642.72,,V1_site8_C
8001532,634.96,,V1_site8_C
8001533,657.78,,V1_site8_C
8001534,681.93,,V1_site8_C
8001535,653.26,,V1_site8_C
8001536,665.5,,V1_site8_C
8001537,638.02,,V1_site8_C
8001538,673.11,,V1_site8_C
8001539,665.32,,V1_site8_C
8001540,702.69,,V1_site8_C
8001541,668.17,,V1_site8_C
8001542,681.64,,V1_site8_C
8001543,703.24,,V1_site8_C
8001544,720.77,,V1_site8_C
8001545,677.95,,V1_site8_C
8001546,702.82,,V1_site8_C
8001547,686.01,,V1_site8_C
8001548,712.86,,V1_site8_C
8001549,707.0,,V1_site8_C
8001550,717.15,,V1_site8_C
8001551,690.93,,V1_site8_C
8001552,732.18,,V1_site8_C
8001553,734.13,,V1_site8_C
8001554,721.97,,V1_site8_C
8001555,732.45,,V1_site8_C
8001556,757.22,,V1_site8_C
8001557,736.54,,V1_site8_C
8001558,739.43,,V1_site8_C
8001559,737.46,,V1_site8_C
8001560,738.08,,V1_site8_C
8001561,729.06,,V1_site8_C
8001562,708.37,,V1_site8_C
8001563,757.55,,V1_site8_C
8001564,752.74,,V1_site8_C
8001565,710.36,,V1_site8_C
8001566,737.27,,V1_site8_C
8001567,749.2,,V1_site8_C
8001568,744.17,,V1_site8_C
8001569,739.15,,V1_site8_C
8001570,781.06,,V1_site8_C
8001571,773.87,,V1_site8_C
8001572,768.89,,V1_site8_C
8001573,744.77,,V1_site8_C
8001574,779.0,,V1_site8_C
8001575,794.85,,V1_site8_C
8001576,783.95,,V1_site8_C
8001577,762.94,,V1_site8_C
8001578,766.36,,V1_site8_C
8001579,769.0,,V1_site8_C
8001580,762.39,,V1_site8_C
8001581,788.73,,V1_site8_C
8001582,755.37,,V1_site8_C
8001583,794.78,,V1_site8_C
8001584,782.06,,V1_site8_C
8001585,788.82,,V1_site8_C
8001586,776.74,,V1_site8_C
8001587,827.93,,V1_site8_C
8001588,817.15,,V1_site8_C
8001589,814.48,,V1_site8_C
8001590,802.48,,V1_site8_C
8001591,863.83,,V1_site8_C
8001592,829.49,,V1_site8_C
8001593,828.41,,V1_site8_C
8001594,837.42,,V1_site8_C
8001595,822.91,,V1_site8_C
8001596,821.25,,V1_site8_C
8001597,833.57,,V1_site8_C
8001598,810.91,,V1_site8_C
8001599,784.48,,V1_site8_C
8001600,838.29,,V1_site8_C
8001601,882.3,,V1_site8_C
8001602,866.59,,V1_site8_C
8001603,828.65,,V1_site8_C
8001604,858.32,,V1_site8_C
8001605,863.02,,V1_site8_C
8001606,865.66,,V1_site8_C
8001607,867.28,,V1_site8_C
8001608,877.36,,V1_site8_C
8001609,878.9,,V1_site8_C
8001610,860.25,,V1_site8_C
8001611,835.67,,V1_site8_C
8001612,865.45,,V1_site8_C
8001613,833.96,,V1_site8_C
8001614,878.56,,V1_site8_C
8001615,862.74,,V1_site8_C
8001616,840.49,,V1_site8_C
8001617,833.92,,V1_site8_C
8001618,849.45,,V1_site8_C
8001619,858.39,,V1_site8_C
8001620,861.12,,V1_site8_C
8001621,852.03,,V1_site8_C
8001622,865.41,,V1_site8_C
8001623,857.32,,V1_site8_C
8001624,901.99,,V1_site8_C
8001625,903.4,,V1_site8_C
8001626,873.09,,V1_site8_C
8001627,892.22,,V1_site8_C
8001628,907.12,,V1_site8_C
8001629,905.03,,V1_site8_C
8001630,909.99,,V1_site8_C
8001631,911.58,,V1_site8_C
8001632,877.61,,V1_site8_C
8001633,909.72,,V1_site8_C
8001634,905.75,,V1_site8_C
8001635,889.59,,V1_site8_C
8001636,898.68,,V1_site8_C
8001637,888.52,,V1_site8_C
8001638,895.81,,V1_site8_C
8001639,956.76,,V1_site8_C
8001640,936.57,,V1_site8_C
8001641,936.72,,V1_site8_C
8001642,952.2,,V1_site8_C
8001643,923.5,,V1_site8_C
8001644,938.38,,V1_site8_C
8001645,963.75,,V1_site8_C
8001646,966.41,,V1_site8_C
8001647,952.41,,V1_site8_C
8001648,940.98,,V1_site8_C
8001649,954.55,,V1_site8_C
8001650,938.75,,V1_site8_C
8001651,929.09,,V1_site8_C
8001652,953.09,,V1_site8_C
8001653,936.22,,V1_site8_C
8001654,953.85,,V1_site8_C
8001655,961.48,,V1_site8_C
8001656,935.38,,V1_site8_C
8001657,991.09,,V1_site8_C
8001658,989.76,,V1_site8_C
8001659,958.5,,V1_site8_C
8001660,997.79,,V1_site8_C
8001661,980.19,,V1_site8_C
8001662,979.54,,V1_site8_C
8001663,995.25,,V1_site8_C
8001664,995.45,,V1_site8_C
8001665,1003.06,,V1_site8_C
8001666,986.33,,V1_site8_C
8001667,952.28,,V1_site8_C
8001668,968.29,,V1_site8_C
8001669,990.03,,V1_site8_C
8001670,987.49,,V1_site8_C
8001671,997.19,,V1_site8_C
8001672,1038.11,,V1_site8_C
8001673,1022.96,,V1_site8_C
8001674,1036.22,,V1_site8_C
8001675,1021.91,,V1_site8_C
8001676,992.61,,V1_site8_C
8001677,1020.13,,V1_site8_C
8001678,1008.07,,V1_site8_C
8001679,1007.75,,V1_site8_C
8001680,1016.31,,V1_site8_C
8001681,1028.11,,V1_site8_C
8001682,1029.13,,V1_site8_C
8001683,1061.78,,V1_site8_C
8001684,1099.2,,V1_site8_C
8001685,1079.75,,V1_site8_C
8001686,1062.83,,V1_site8_C
8001687,1067.32,,V1_site8_C
8001688,1097.26,,V1_site8_C
8001689,1051.52,,V1_site8_C
8001690,1063.45,,V1_site8_C
8001691,1069.95,,V1_site8_C
8001692,1055.52,,V1_site8_C
8001693,1091.71,,V1_site8_C
8001694,1057.5,,V1_site8_C
8001695,1097.42,,V1_site8_C
8001696,1084.06,,V1_site8_C
8001697,1101.52,,V1_site8_C
8001698,1094.73,,V1_site8_C
8001699,1080.51,,V1_site8_C
8001700,1093.91,,V1_site8_C
8001701,1082.61,,V1_site8_C
8001702,1105.34,,V1_site8_C
8001703,1091.82,,V1_site8_C
8001704,1092.57,,V1_site8_C
8001705,1104.09,,V1_site8_C
8001706,1108.46,,V1_site8_C
8001707,1100.32,,V1_site8_C
8001708,1096.91,,V1_site8_C
8001709,1087.61,,V1_site8_C
8001710,1140.92,,V1_site8_C
8001711,1187.99,,V1_site8_C
8001712,1114.83,,V1_site8_C
8001713,1125.63,,V1_site8_C
8001714,1125.76,,V1_site8_C
8001715,1141.37,,V1_site8_C
8001716,1151.77,,V1_site8_C
8001717,1190.67,,V1_site8_C
8001718,1147.74,,V1_site8_C
8001719,1153.27,,V1_site8_C
8001720,1191.97,,V1_site8_C
8001721,1186.6,,V1_site8_C
8001722,1101.95,,V1_site8_C
8001723,1174.0,,V1_site8_C
8001724,1198.42,,V1_site8_C
8001725,1161.44,,V1_site8_C
8001726,1182.31,,V1_site8_C
8001727,1175.21,,V1_site8_C
8001728,1194.28,,V1_site8_C
8001729,1188.8,,V1_site8_C
8001730,1223.24,,V1_site8_C
8001731,1229.88,,V1_site8_C
8001732,1205.9,,V1_site8_C
8001733,1202.18,,V1_site8_C
8001734,1223.17,,V1_site8_C
8001735,1222.4,,V1_site8_C
8001736,1264.1,,V1_site8_C
8001737,1242.51,,V1_site8_C
8001738,1232.41,,V1_site8_C
8001739,1252.89,,V1_site8_C
8001740,1248.53,,V1_site8_C
8001741,1241.27,,V1_site8_C
8001742,1301.12,,V1_site8_C
8001743,1306.27,,V1_site8_C
8001744,1345.69,,V1_site8_C
8001745,1342.9,,V1_site8_C
8001746,1382.69,,V1_site8_C
8001747,1380.53,,V1_site8_C
8001748,1423.03,,V1_site8_C
8001749,1422.64,,V1_site8_C
8001750,1121.48,,V1_site8_C
8001751,1463.33,,V1_site8_C
8001752,1503.11,,V1_site8_C
8001753,1501.55,,V1_site8_C
8001754,1551.46,,V1_site8_C
8001755,1542.78,,V1_site8_C
8001756,2073.6,,V1_site8_C
8001757,1587.57,,V1_site8_C
8001758,1627.84,,V1_site8_C
8001759,1629.36,,V1_site8_C
8001760,1624.29,,V1_site8_C
8001761,1670.47,,V1_site8_C
8001762,1671.9,,V1_site8_C
8001763,1637.27,,V1_site8_C
8001764,1641.34,,V1_site8_C
8001765,1681.94,,V1_site8_C
8001766,1699.78,,V1_site8_C
8001767,1716.35,,V1_site8_C
8001768,1692.6,,V1_site8_C
8001769,1673.57,,V1_site8_C
8001770,1680.78,,V1_site8_C
8001771,1711.22,,V1_site8_C
8001772,1765.82,,V1_site8_C
8001773,1759.05,,V1_site8_C
8001774,1742.57,,V1_site8_C
8001775,1721.5,,V1_site8_C
8001776,1753.45,,V1_site8_C
8001777,1789.3,,V1_site8_C
8001778,1782.95,,V1_site8_C
8001779,1783.07,,V1_site8_C
8001780,1802.02,,V1_site8_C
8001781,1796.32,,V1_site8_C
8001782,1804.46,,V1_site8_C
8001783,1797.1,,V1_site8_C
8001784,1786.18,,V1_site8_C
8001785,1791.01,,V1_site8_C
8001786,1788.44,,V1_site8_C
8001787,1835.65,,V1_site8_C
8001788,1841.86,,V1_site8_C
8001789,1817.13,,V1_site8_C
8001790,1810.62,,V1_site8_C
8001791,1843.02,,V1_site8_C
8001792,1816.59,,V1_site8_C
8001793,1828.21,,V1_site8_C
8001794,1821.9,,V1_site8_C
8001795,1840.24,,V1_site8_C
8001796,1868.75,,V1_site8_C
8001797,1842.4,,V1_site8_C
8001798,1868.39,,V1_site8_C
8001799,1885.49,,V1_site8_C
8001800,1877.21,,V1_site8_C
8001801,1897.71,,V1_site8_C
8001802,1878.21,,V1_site8_C
8001803,1865.78,,V1_site8_C
8001804,1893.84,,V1_site8_C
8001805,1899.76,,V1_site8_C
8001806,1853.25,,V1_site8_C
8001807,1846.9,,V1_site8_C
8001808,1893.38,,V1_site8_C
8001809,1870.51,,V1_site8_C
8001810,1877.77,,V1_site8_C
8001811,1895.45,,V1_site8_C
8001812,1900.16,,V1_site8_C
8001813,1914.17,,V1_site8_C
8001814,1884.07,,V1_site8_C
8001815,1894.79,,V1_site8_C
8001816,1896.53,,V1_site8_C
8001817,1908.52,,V1_site8_C
8001818,1904.82,,V1_site8_C
8001819,1931.75,,V1_site8_C
8001820,1957.43,,V1_site8_C
8001821,1936.14,,V1_site8_C
8001822,1963.08,,V1_site8_C
8001823,1968.29,,V1_site8_C
8001824,1949.47,,V1_site8_C
8001825,1947.11,,V1_site8_C
8001826,1941.92,,V1_site8_C
8001827,1953.52,,V1_site8_C
8001828,1946.75,,V1_site8_C
8001829,1957.96,,V1_site8_C
8001830,1994.29,,V1_site8_C
8001831,1989.78,,V1_site8_C
8001832,1972.85,,V1_site8_C
8001833,1979.12,,V1_site8_C
8001834,2018.1,,V1_site8_C
8001835,1987.7,,V1_site8_C
8001836,2027.7,,V1_site8_C
8001837,1980.66,,V1_site8_C
8001838,2009.82,,V1_site8_C
8001839,1987.41,,V1_site8_C
8001840,1948.14,,V1_site8_C
8001841,1967.32,,V1_site8_C
8001842,2032.92,,V1_site8_C
8001843,2004.9,,V1_site8_C
8001844,1994.02,,V1_site8_C
8001845,1978.62,,V1_site8_C
8001846,1964.15,,V1_site8_C
8001847,1997.55,,V1_site8_C
8001848,1970.0,,V1_site8_C
8001849,2003.26,,V1_site8_C
8001850,1992.78,,V1_site8_C
8001851,2048.4,,V1_site8_C
8001852,1994.94,,V1_site8_C
8001853,1998.89,,V1_site8_C
8001854,2017.74,,V1_site8_C
8001855,2030.73,,V1_site8_C
8001856,2014.58,,V1_site8_C
8001857,1995.51,,V1_site8_C
8001858,2026.69,,V1_site8_C
8001859,2010.51,,V1_site8_C
8001860,2014.93,,V1_site8_C
8001861,2012.67,,V1_site8_C
8001862,1986.18,,V1_site8_C
8001863,2020.34,,V1_site8_C
8001864,1991.14,,V1_site8_C
8001865,2021.74,,V1_site8_C
8001866,2035.86,,V1_site8_C
8001867,2033.57,,V1_site8_C
8001868,2011.99,,V1_site8_C
8001869,2022.17,,V1_site8_C
8001870,2064.04,,V1_site8_C
8001871,2073.65,,V1_site8_C
8001872,2083.7,,V1_site8_C
8001873,2102.33,,V1_site8_C
8001874,2024.15,,V1_site8_C
8001875,2065.02,,V1_site8_C
8001876,2046.14,,V1_site8_C
8001877,2065.14,,V1_site8_C
8001878,2083.61,,V1_site8_C
8001879,2080.87,,V1_site8_C
8001880,2072.81,,V1_site8_C
8001881,2132.77,,V1_site8_C
8001882,2070.43,,V1_site8_C
8001883,2050.66,,V1_site8_C
8001884,2077.04,,V1_site8_C
8001885,2046.7,,V1_site8_C
8001886,2098.34,,V1_site8_C
8001887,2097.03,,V1_site8_C
8001888,2115.3,,V1_site8_C
8001889,2094.96,,V1_site8_C
8001890,2084.97,,V1_site8_C
8001891,2103.19,,V1_site8_C
8001892,2081.26,,V1_site8_C
8001893,2095.86,,V1_site8_C
8001894,2084.75,,V1_site8_C
8001895,2106.45,,V1_site8_C
8001896,2116.02,,V1_site8_C
8001897,2084.89,,V1_site8_C
8001898,2102.62,,V1_site8_C
8001899,2096.94,,V1_site8_C
8001900,2088.38,,V1_site8_C
8001901,2111.4,,V1_site8_C
8001902,2096.16,,V1_site8_C
8001903,2135.36,,V1_site8_C
8001904,2085.9,,V1_site8_C
8001905,2148.72,,V1_site8_C
8001906,2140.73,,V1_site8_C
8001907,2113.07,,V1_site8_C
8001908,2127.86,,V1_site8_C
8001909,2110.5,,V1_site8_C
8001910,2152.29,,V1_site8_C
8001911,2143.03,,V1_site8_C
8001912,2133.05,,V1_site8_C
8001913,2137.73,,V1_site8_C
8001914,2138.78,,V1_site8_C
8001915,2097.57,,V1_site8_C
8001916,2138.38,,V1_site8_C
8001917,2189.52,,V1_site8_C
8001918,2150.19,,V1_site8_C
8001919,2176.33,,V1_site8_C
8001920,2165.71,,V1_site8_C
8001921,2167.24,,V1_site8_C
8001922,2158.23,,V1_site8_C
8001923,2169.2,,V1_site8_C
8001924,2161.63,,V1_site8_C
8001925,2167.13,,V1_site8_C
8001926,2170.51,,V1_site8_C
8001927,2234.21,,V1_site8_C
8001928,2217.36,,V1_site8_C
8001929,2202.92,,V1_site8_C
8001930,2655.84,,V1_site8_C
8001931,2293.67,,V1_site8_C
8001932,2290.86,,V1_site8_C
8001933,2249.46,,V1_site8_C
8001934,2273.42,,V1_site8_C
8001935,2240.05,,V1_site8_C
8001936,2238.39,,V1_site8_C
8001937,2843.19,,V1_site8_C
8001938,2258.96,,V1_site8_C
8001939,2366.53,,V1_site8_C
8001940,2297.88,,V1_site8_C
8001941,2306.28,,V1_site8_C
8001942,2314.29,,V1_site8_C
8001943,2379.63,,V1_site8_C
8001944,2348.98,,V1_site8_C
8001945,2359.34,,V1_site8_C
8001946,2338.38,,V1_site8_C
8001947,2338.23,,V1_site8_C
8001948,1104.74,,V1_site8_C
8001949,2362.97,,V1_site8_C
8001950,2342.51,,V1_site8_C
8001951,2348.52,,V1_site8_C
8001952,2368.51,,V1_site8_C
8001953,2346.29,,V1_site8_C
8001954,2363.35,,V1_site8_C
8001955,2378.21,,V1_site8_C
8001956,2395.81,,V1_site8_C
8001957,2381.34,,V1_site8_C
8001958,2367.31,,V1_site8_C
8001959,2398.33,,V1_site8_C
8001960,2361.37,,V1_site8_C
8001961,2386.7,,V1_site8_C
8001962,2389.87,,V1_site8_C
8001963,2386.45,,V1_site8_C
8001964,2363.75,,V1_site8_C
8001965,2388.01,,V1_site8_C
8001966,2400.27,,V1_site8_C
8001967,2410.47,,V1_site8_C
8001968,2436.44,,V1_site8_C
8001969,2421.46,,V1_site8_C
8001970,2423.26,,V1_site8_C
8001971,2410.95,,V1_site8_C
8001972,2433.97,,V1_site8_C
8001973,2415.94,,V1_site8_C
8001974,2395.98,,V1_site8_C
8001975,2402.0,,V1_site8_C
8001976,2406.73,,V1_site8_C
8001977,2411.0,,V1_site8_C
8001978,2423.01,,V1_site8_C
8001979,2408.05,,V1_site8_C
8001980,2421.08,,V1_site8_C
8001981,2390.38,,V1_site8_C
8001982,2432.74,,V1_site8_C
8001983,2411.6,,V1_site8_C
8001984,2443.55,,V1_site8_C
8001985,2409.72,,V1_site8_C
8001986,2467.3,,V1_site8_C
8001987,2452.17,,V1_site8_C
8001988,2444.67,,V1_site8_C
8001989,2460.26,,V1_site8_C
8001990,2452.51,,V1_site8_C
8001991,2485.6,,V1_site8_C
8001992,2460.08,,V1_site8_C
8001993,2448.56,,V1_site8_C
8001994,2446.44,,V1_site8_C
8001995,2457.93,,V1_site8_C
8001996,2458.89,,V1_site8_C
8001997,2478.96,,V1_site8_C
8001998,2477.17,,V1_site8_C
8001999,2482.33,,V1_site8_C
8002000,2496.06,,V1_site8_C
8002001,2503.87,,V1_site8_C
8002002,2521.4,,V1_site8_C
8002003,2510.42,,V1_site8_C
8002004,2500.28,,V1_site8_C
8002005,2503.84,,V1_site8_C
8002006,1981.54,,V1_site8_C
8002007,2496.12,,V1_site8_C
8002008,2496.49,,V1_site8_C
8002009,2466.91,,V1_site8_C
8002010,2496.02,,V1_site8_C
8002011,2516.65,,V1_site8_C
8002012,2495.2,,V1_site8_C
8002013,2512.45,,V1_site8_C
8002014,2516.09,,V1_site8_C
8002015,2516.83,,V1_site8_C
8002016,2551.94,,V1_site8_C
8002017,2568.2,,V1_site8_C
8002018,2551.95,,V1_site8_C
8002019,2536.98,,V1_site8_C
8002020,2548.02,,V1_site8_C
8002021,2565.57,,V1_site8_C
8002022,2528.91,,V1_site8_C
8002023,2483.13,,V1_site8_C
8002024,2564.39,,V1_site8_C
8002025,2544.31,,V1_site8_C
8002026,2549.42,,V1_site8_C
8002027,2525.99,,V1_site8_C
8002028,2558.17,,V1_site8_C
8002029,2525.49,,V1_site8_C
8002030,2533.04,,V1_site8_C
8002031,2536.39,,V1_site8_C
8002032,2553.2,,V1_site8_C
8002033,2533.02,,V1_site8_C
8002034,2558.42,,V1_site8_C
8002035,2553.28,,V1_site8_C
8002036,2539.35,,V1_site8_C
8002037,2562.23,,V1_site8_C
8002038,2562.04,,V1_site8_C
8002039,2590.84,,V1_site8_C
8002040,2594.87,,V1_site8_C
8002041,2592.47,,V1_site8_C
8002042,2566.46,,V1_site8_C
8002043,2574.54,,V1_site8_C
8002044,2599.29,,V1_site8_C
8002045,2563.01,,V1_site8_C
8002046,2568.16,,V1_site8_C
8002047,2583.46,,V1_site8_C
8002048,2590.02,,V1_site8_C
8002049,2585.55,,V1_site8_C
8002050,2590.91,,V1_site8_C
8002051,2597.63,,V1_site8_C
8002052,2630.47,,V1_site8_C
8002053,2626.61,,V1_site8_C
8002054,2632.28,,V1_site8_C
8002055,2591.92,,V1_site8_C
8002056,2613.23,,V1_site8_C
8002057,2637.17,,V1_site8_C
8002058,2630.72,,V1_site8_C
8002059,2589.66,,V1_site8_C
8002060,2575.01,,V1_site8_C
8002061,2614.85,,V1_site8_C
8002062,2609.73,,V1_site8_C
8002063,2647.98,,V1_site8_C
8002064,2632.25,,V1_site8_C
8002065,2637.48,,V1_site8_C
8002066,2616.43,,V1_site8_C
8002067,2652.3,,V1_site8_C
8002068,2628.69,,V1_site8_C
8002069,2656.02,,V1_site8_C
8002070,2668.99,,V1_site8_C
8002071,2673.61,,V1_site8_C
8002072,2657.58,,V1_site8_C
8002073,2645.64,,V1_site8_C
8002074,2686.2,,V1_site8_C
8002075,2654.05,,V1_site8_C
8002076,2654.53,,V1_site8_C
8002077,2669.81,,V1_site8_C
8002078,2676.43,,V1_site8_C
8002079,2699.41,,V1_site8_C
8002080,2708.35,,V1_site8_C
8002081,2716.62,,V1_site8_C
8002082,2687.02,,V1_site8_C
8002083,2704.6,,V1_site8_C
8002084,2699.18,,V1_site8_C
8002085,2707.43,,V1_site8_C
8002086,2684.03,,V1_site8_C
8002087,2765.66,,V1_site8_C
8002088,2689.98,,V1_site8_C
8002089,2694.62,,V1_site8_C
8002090,2704.04,,V1_site8_C
8002091,2704.1,,V1_site8_C
8002092,2712.38,,V1_site8_C
8002093,2706.6,,V1_site8_C
8002094,2729.31,,V1_site8_C
8002095,2835.88,,V1_site8_C
8002096,2809.44,,V1_site8_C
8002097,2743.39,,V1_site8_C
8002098,2755.66,,V1_site8_C
8002099,2737.47,,V1_site8_C
8002100,2735.7,,V1_site8_C
8002101,2731.71,,V1_site8_C
8002102,2747.8,,V1_site8_C
8002103,2726.99,,V1_site8_C
8002104,2752.81,,V1_site8_C
8002105,2757.84,,V1_site8_C
8002106,2740.39,,V1_site8_C
8002107,2756.68,,V1_site8_C
8002108,2770.04,,V1_site8_C
8002109,2761.45,,V1_site8_C
8002110,2761.65,,V1_site8_C
8002111,2786.09,,V1_site8_C
8002112,2772.04,,V1_site8_C
8002113,2777.75,,V1_site8_C
8002114,2792.12,,V1_site8_C
8002115,2769.32,,V1_site8_C
8002116,2807.91,,V1_site8_C
8002117,2880.44,,V1_site8_C
8002118,2834.06,,V1_site8_C
8002119,2860.79,,V1_site8_C
8002120,2837.66,,V1_site8_C
8002121,2831.14,,V1_site8_C
8002122,2820.37,,V1_site8_C
8002123,2833.36,,V1_site8_C
8002124,2816.91,,V1_site8_C
8002125,2809.58,,V1_site8_C
8002126,2817.72,,V1_site8_C
8002127,2820.97,,V1_site8_C
8002128,2808.3,,V1_site8_C
8002129,2825.54,,V1_site8_C
8002130,2846.33,,V1_site8_C
8002131,2864.24,,V1_site8_C
8002132,2871.33,,V1_site8_C
8002133,2879.17,,V1_site8_C
8002134,2870.45,,V1_site8_C
8002135,2862.71,,V1_site8_C
8002136,2851.43,,V1_site8_C
8002137,2852.23,,V1_site8_C
8002138,2876.22,,V1_site8_C
8002139,2866.37,,V1_site8_C
8002140,2862.93,,V1_site8_C
8002141,2872.09,,V1_site8_C
8002142,2888.0,,V1_site8_C
8002143,2875.5,,V1_site8_C
8002144,2898.13,,V1_site8_C
8002145,2894.16,,V1_site8_C
8002146,2908.3,,V1_site8_C
8002147,2904.91,,V1_site8_C
8002148,2912.05,,V1_site8_C
8002149,2892.26,,V1_site8_C
8002150,2915.83,,V1_site8_C
8002151,2889.38,,V1_site8_C
8002152,2907.85,,V1_site8_C
8002153,2912.54,,V1_site8_C
8002154,2911.9,,V1_site8_C
8002155,2892.11,,V1_site8_C
8002156,2889.48,,V1_site8_C
8002157,2952.06,,V1_site8_C
8002158,2926.24,,V1_site8_C
8002159,2932.52,,V1_site8_C
8002160,2949.23,,V1_site8_C
8002161,2944.27,,V1_site8_C
8002162,2955.13,,V1_site8_C
8002163,2930.66,,V1_site8_C
8002164,2940.58,,V1_site8_C
8002165,2915.52,,V1_site8_C
8002166,2930.74,,V1_site8_C
8002167,2940.37,,V1_site8_C
8002168,2929.21,,V1_site8_C
8002169,2976.36,,V1_site8_C
8002170,2992.98,,V1_site8_C
8002171,2972.15,,V1_site8_C
8002172,2995.34,,V1_site8_C
8002173,2987.34,,V1_site8_C
8002174,2956.63,,V1_site8_C
8002175,2990.15,,V1_site8_C
8002176,2990.66,,V1_site8_C
8002177,2960.4,,V1_site8_C
8002178,3000.44,,V1_site8_C
8002179,2992.73,,V1_site8_C
8002180,2984.77,,V1_site8_C
8002181,2989.43,,V1_site8_C
8002182,2964.59,,V1_site8_C
8002183,2979.49,,V1_site8_C
8002184,2975.71,,V1_site8_C
8002185,2962.09,,V1_site8_C
8002186,2973.6,,V1_site8_C
8002187,2972.38,,V1_site8_C
8002188,2974.73,,V1_site8_C
8002189,2981.79,,V1_site8_C
8002190,2965.87,,V1_site8_C
8002191,2965.48,,V1_site8_C
8002192,2984.48,,V1_site8_C
8002193,2981.04,,V1_site8_C
8002194,2972.43,,V1_site8_C
8002195,3008.84,,V1_site8_C
8002196,3031.05,,V1_site8_C
8002197,3002.97,,V1_site8_C
8002198,3003.85,,V1_site8_C
8002199,3029.21,,V1_site8_C
8002200,3015.23,,V1_site8_C
8002201,3024.11,,V1_site8_C
8002202,3000.88,,V1_site8_C
8002203,3049.88,,V1_site8_C
8002204,3003.94,,V1_site8_C
8002205,3021.88,,V1_site8_C
8002206,3040.77,,V1_site8_C
8002207,3022.72,,V1_site8_C
8002208,3025.0,,V1_site8_C
8002209,3012.79,,V1_site8_C
8002210,3050.09,,V1_site8_C
8002211,3053.51,,V1_site8_C
8002212,3087.27,,V1_site8_C
8002213,3068.62,,V1_site8_C
8002214,3046.66,,V1_site8_C
8002215,3034.85,,V1_site8_C
8002216,3048.01,,V1_site8_C
8002217,3079.71,,V1_site8_C
8002218,3067.73,,V1_site8_C
8002219,3074.2,,V1_site8_C
8002220,3071.09,,V1_site8_C
8002221,3104.81,,V1_site8_C
8002222,3098.16,,V1_site8_C
8002223,3094.89,,V1_site8_C
8002224,3101.45,,V1_site8_C
8002225,3111.06,,V1_site8_C
8002226,3097.79,,V1_site8_C
8002227,3103.81,,V1_site8_C
8002228,3143.35,,V1_site8_C
8002229,3145.89,,V1_site8_C
8002230,3154.74,,V1_site8_C
8002231,3176.54,,V1_site8_C
8002232,2878.18,,V1_site8_C
8002233,3188.33,,V1_site8_C
8002234,3183.52,,V1_site8_C
8002235,3194.93,,V1_site8_C
8002236,3222.03,,V1_site8_C
8002237,3220.71,,V1_site8_C
8002238,2836.61,,V1_site8_C
8002239,3225.61,,V1_site8_C
8002240,3233.01,,V1_site8_C
8002241,3213.96,,V1_site8_C
8002242,3276.59,,V1_site8_C
8002243,2843.69,,V1_site8_C
8002244,3796.02,,V1_site8_C
8002245,85.05,,V1_site8_C
8002246,3354.06,,V1_site8_C
8002247,684.92,,V1_site8_C
8002248,2116.83,,V1_site8_C
8002249,3807.14,,V1_site8_C
8002250,3445.68,,V1_site8_C
8002251,287.12,,V1_site8_C
8002252,3467.57,,V1_site8_C
8002253,969.78,,V1_site8_C
8002254,2845.27,,V1_site8_C
8002255,3501.61,,V1_site8_C
8002256,3845.38,,V1_site8_C
8002257,874.81,,V1_site8_C
8002258,3918.5,,V1_site8_C
8002259,955.96,,V1_site8_C
8002260,3579.95,,V1_site8_C
8002261,3561.83,,V1_site8_C
8002262,3561.04,,V1_site8_C
8002263,2865.64,,V1_site8_C
8002264,3595.67,,V1_site8_C
8002265,3644.25,,V1_site8_C
8002266,3905.99,,V1_site8_C
8002267,3704.41,,V1_site8_C
8002268,435.07,,V1_site8_C
8002269,3731.82,,V1_site8_C
8002270,2061.46,,V1_site8_C
8002271,880.97,,V1_site8_C
8002272,3758.11,,V1_site8_C
8002273,4023.44,,V1_site8_C
8002274,3873.31,,V1_site8_C
8002275,4658.3,,V1_site8_C
8002276,2.6,,V1_site8_E
8002277,24.4,,V1_site8_E
8002278,2.16,,V1_site8_E
8002279,18.28,,V1_site8_E
8002280,19.07,,V1_site8_E
8002281,2.75,,V1_site8_E
8002282,62.05,,V1_site8_E
8002283,64.25,,V1_site8_E
8002284,48.05,,V1_site8_E
8002285,106.5,,V1_site8_E
8002286,92.91,,V1_site8_E
8002287,80.35,,V1_site8_E
8002288,78.17,,V1_site8_E
8002289,98.83,,V1_site8_E
8002290,91.39,,V1_site8_E
8002291,109.37,,V1_site8_E
8002292,104.4,,V1_site8_E
8002293,123.26,,V1_site8_E
8002294,145.68,,V1_site8_E
8002295,143.07,,V1_site8_E
8002296,150.9,,V1_site8_E
8002297,114.18,,V1_site8_E
8002298,116.0,,V1_site8_E
8002299,144.43,,V1_site8_E
8002300,133.59,,V1_site8_E
8002301,152.95,,V1_site8_E
8002302,173.78,,V1_site8_E
8002303,170.22,,V1_site8_E
8002304,161.4,,V1_site8_E
8002305,172.57,,V1_site8_E
8002306,188.03,,V1_site8_E
8002307,189.14,,V1_site8_E
8002308,159.64,,V1_site8_E
8002309,174.22,,V1_site8_E
8002310,198.93,,V1_site8_E
8002311,197.83,,V1_site8_E
8002312,210.7,,V1_site8_E
8002313,181.61,,V1_site8_E
8002314,237.96,,V1_site8_E
8002315,226.75,,V1_site8_E
8002316,241.25,,V1_site8_E
8002317,212.92,,V1_site8_E
8002318,233.33,,V1_site8_E
8002319,233.04,,V1_site8_E
8002320,224.65,,V1_site8_E
8002321,213.76,,V1_site8_E
8002322,226.16,,V1_site8_E
8002323,207.75,,V1_site8_E
8002324,250.8,,V1_site8_E
8002325,263.77,,V1_site8_E
8002326,233.69,,V1_site8_E
8002327,237.45,,V1_site8_E
8002328,271.34,,V1_site8_E
8002329,245.29,,V1_site8_E
8002330,238.16,,V1_site8_E
8002331,196.58,,V1_site8_E
8002332,250.35,,V1_site8_E
8002333,257.54,,V1_site8_E
8002334,259.83,,V1_site8_E
8002335,254.13,,V1_site8_E
8002336,251.17,,V1_site8_E
8002337,237.28,,V1_site8_E
8002338,244.06,,V1_site8_E
8002339,259.18,,V1_site8_E
8002340,254.76,,V1_site8_E
8002341,244.55,,V1_site8_E
8002342,260.32,,V1_site8_E
8002343,301.6,,V1_site8_E
8002344,318.09,,V1_site8_E
8002345,280.74,,V1_site8_E
8002346,308.69,,V1_site8_E
8002347,281.43,,V1_site8_E
8002348,307.73,,V1_site8_E
8002349,300.93,,V1_site8_E
8002350,305.81,,V1_site8_E
8002351,224.62,,V1_site8_E
8002352,297.74,,V1_site8_E
8002353,282.14,,V1_site8_E
8002354,307.36,,V1_site8_E
8002355,280.1,,V1_site8_E
8002356,328.57,,V1_site8_E
8002357,353.73,,V1_site8_E
8002358,315.26,,V1_site8_E
8002359,325.46,,V1_site8_E
8002360,322.54,,V1_site8_E
8002361,330.49,,V1_site8_E
8002362,339.51,,V1_site8_E
8002363,330.95,,V1_site8_E
8002364,345.97,,V1_site8_E
8002365,322.03,,V1_site8_E
8002366,353.03,,V1_site8_E
8002367,331.23,,V1_site8_E
8002368,364.3,,V1_site8_E
8002369,385.33,,V1_site8_E
8002370,391.97,,V1_site8_E
8002371,367.35,,V1_site8_E
8002372,371.13,,V1_site8_E
8002373,412.98,,V1_site8_E
8002374,378.9,,V1_site8_E
8002375,382.75,,V1_site8_E
8002376,352.69,,V1_site8_E
8002377,391.47,,V1_site8_E
8002378,437.46,,V1_site8_E
8002379,419.89,,V1_site8_E
8002380,430.13,,V1_site8_E
8002381,432.33,,V1_site8_E
8002382,408.29,,V1_site8_E
8002383,433.96,,V1_site8_E
8002384,409.24,,V1_site8_E
8002385,449.31,,V1_site8_E
8002386,442.95,,V1_site8_E
8002387,444.96,,V1_site8_E
8002388,464.0,,V1_site8_E
8002389,463.6,,V1_site8_E
8002390,431.89,,V1_site8_E
8002391,479.37,,V1_site8_E
8002392,460.16,,V1_site8_E
8002393,444.54,,V1_site8_E
8002394,488.98,,V1_site8_E
8002395,499.72,,V1_site8_E
8002396,505.37,,V1_site8_E
8002397,476.66,,V1_site8_E
8002398,512.69,,V1_site8_E
8002399,485.54,,V1_site8_E
8002400,523.28,,V1_site8_E
8002401,529.24,,V1_site8_E
8002402,534.1,,V1_site8_E
8002403,520.97,,V1_site8_E
8002404,527.42,,V1_site8_E
8002405,518.06,,V1_site8_E
8002406,521.84,,V1_site8_E
8002407,556.82,,V1_site8_E
8002408,521.23,,V1_site8_E
8002409,389.71,,V1_site8_E
8002410,525.76,,V1_site8_E
8002411,588.32,,V1_site8_E
8002412,548.6,,V1_site8_E
8002413,560.81,,V1_site8_E
8002414,589.0,,V1_site8_E
8002415,550.13,,V1_site8_E
8002416,583.31,,V1_site8_E
8002417,571.68,,V1_site8_E
8002418,585.32,,V1_site8_E
8002419,589.89,,V1_site8_E
8002420,565.59,,V1_site8_E
8002421,615.1,,V1_site8_E
8002422,622.6,,V1_site8_E
8002423,601.85,,V1_site8_E
8002424,623.93,,V1_site8_E
8002425,625.95,,V1_site8_E
8002426,614.07,,V1_site8_E
8002427,620.73,,V1_site8_E
8002428,661.33,,V1_site8_E
8002429,672.77,,V1_site8_E
8002430,650.44,,V1_site8_E
8002431,655.15,,V1_site8_E
8002432,651.5,,V1_site8_E
8002433,642.22,,V1_site8_E
8002434,655.7,,V1_site8_E
8002435,660.12,,V1_site8_E
8002436,659.41,,V1_site8_E
8002437,654.77,,V1_site8_E
8002438,678.65,,V1_site8_E
8002439,683.04,,V1_site8_E
8002440,676.61,,V1_site8_E
8002441,698.55,,V1_site8_E
8002442,673.97,,V1_site8_E
8002443,680.24,,V1_site8_E
8002444,104.88,,V1_site8_E
8002445,1849.16,,V1_site8_E
8002446,-801.26,,V1_site8_E
8002447,717.1,,V1_site8_E
8002448,1787.25,,V1_site8_E
8002449,1245.27,,V1_site8_E
8002450,800.78,,V1_site8_E
8002451,1009.49,,V1_site8_E
8002452,1228.81,,V1_site8_E
8002453,831.73,,V1_site8_E
8002454,1008.33,,V1_site8_E
8002455,1008.6,,V1_site8_E
8002456,876.05,,V1_site8_E
8002457,1164.37,,V1_site8_E
8002458,1184.58,,V1_site8_E
8002459,918.55,,V1_site8_E
8002460,1020.38,,V1_site8_E
8002461,908.84,,V1_site8_E
8002462,953.96,,V1_site8_E
8002463,953.16,,V1_site8_E
8002464,987.25,,V1_site8_E
8002465,995.56,,V1_site8_E
8002466,1030.03,,V1_site8_E
8002467,1038.15,,V1_site8_E
8002468,1058.76,,V1_site8_E
8002469,1048.05,,V1_site8_E
8002470,1063.52,,V1_site8_E
8002471,1050.67,,V1_site8_E
8002472,1055.66,,V1_site8_E
8002473,1054.89,,V1_site8_E
8002474,1090.22,,V1_site8_E
8002475,1057.4,,V1_site8_E
8002476,1073.9,,V1_site8_E
8002477,1073.69,,V1_site8_E
8002478,1068.75,,V1_site8_E
8002479,1054.15,,V1_site8_E
8002480,1065.23,,V1_site8_E
8002481,1072.52,,V1_site8_E
8002482,1086.35,,V1_site8_E
8002483,1118.64,,V1_site8_E
8002484,1086.08,,V1_site8_E
8002485,1098.68,,V1_site8_E
8002486,1116.89,,V1_site8_E
8002487,1068.82,,V1_site8_E
8002488,1103.92,,V1_site8_E
8002489,1096.29,,V1_site8_E
8002490,1107.19,,V1_site8_E
8002491,1120.55,,V1_site8_E
8002492,1133.32,,V1_site8_E
8002493,1137.01,,V1_site8_E
8002494,1162.2,,V1_site8_E
8002495,1120.93,,V1_site8_E
8002496,1133.42,,V1_site8_E
8002497,1140.47,,V1_site8_E
8002498,1139.54,,V1_site8_E
8002499,1152.39,,V1_site8_E
8002500,1215.92,,V1_site8_E
8002501,1148.39,,V1_site8_E
8002502,1192.18,,V1_site8_E
8002503,1172.2,,V1_site8_E
8002504,1133.63,,V1_site8_E
8002505,1177.04,,V1_site8_E
8002506,1189.57,,V1_site8_E
8002507,1186.58,,V1_site8_E
8002508,1186.09,,V1_site8_E
8002509,1148.87,,V1_site8_E
8002510,1181.07,,V1_site8_E
8002511,1175.96,,V1_site8_E
8002512,1133.23,,V1_site8_E
8002513,1176.68,,V1_site8_E
8002514,1143.61,,V1_site8_E
8002515,1200.33,,V1_site8_E
8002516,1181.28,,V1_site8_E
8002517,1195.99,,V1_site8_E
8002518,1188.93,,V1_site8_E
8002519,1162.85,,V1_site8_E
8002520,1150.73,,V1_site8_E
8002521,1218.19,,V1_site8_E
8002522,1216.98,,V1_site8_E
8002523,1220.76,,V1_site8_E
8002524,1230.44,,V1_site8_E
8002525,1231.81,,V1_site8_E
8002526,1215.35,,V1_site8_E
8002527,1279.12,,V1_site8_E
8002528,1268.86,,V1_site8_E
8002529,1271.64,,V1_site8_E
8002530,1271.18,,V1_site8_E
8002531,1277.73,,V1_site8_E
8002532,1261.93,,V1_site8_E
8002533,1224.19,,V1_site8_E
8002534,1278.15,,V1_site8_E
8002535,1245.15,,V1_site8_E
8002536,1261.28,,V1_site8_E
8002537,1258.96,,V1_site8_E
8002538,1270.44,,V1_site8_E
8002539,1271.12,,V1_site8_E
8002540,1281.44,,V1_site8_E
8002541,1296.5,,V1_site8_E
8002542,1272.18,,V1_site8_E
8002543,1300.11,,V1_site8_E
8002544,1283.43,,V1_site8_E
8002545,1296.06,,V1_site8_E
8002546,1299.13,,V1_site8_E
8002547,1294.23,,V1_site8_E
8002548,1290.78,,V1_site8_E
8002549,1298.05,,V1_site8_E
8002550,1289.23,,V1_site8_E
8002551,1334.57,,V1_site8_E
8002552,1318.02,,V1_site8_E
8002553,1377.63,,V1_site8_E
8002554,1396.74,,V1_site8_E
8002555,1419.15,,V1_site8_E
8002556,1480.04,,V1_site8_E
8002557,1311.05,,V1_site8_E
8002558,1461.06,,V1_site8_E
8002559,1310.26,,V1_site8_E
8002560,1504.76,,V1_site8_E
8002561,1515.22,,V1_site8_E
8002562,1501.51,,V1_site8_E
8002563,1499.1,,V1_site8_E
8002564,1543.85,,V1_site8_E
8002565,1538.54,,V1_site8_E
8002566,1553.96,,V1_site8_E
8002567,1582.63,,V1_site8_E
8002568,2559.86,,V1_site8_E
8002569,1574.41,,V1_site8_E
8002570,1583.56,,V1_site8_E
8002571,1627.91,,V1_site8_E
8002572,1628.2,,V1_site8_E
8002573,1623.9,,V1_site8_E
8002574,1622.23,,V1_site8_E
8002575,1639.77,,V1_site8_E
8002576,1845.4,,V1_site8_E
8002577,1846.3,,V1_site8_E
8002578,1645.09,,V1_site8_E
8002579,1658.15,,V1_site8_E
8002580,1932.35,,V1_site8_E
8002581,1669.35,,V1_site8_E
8002582,1845.4,,V1_site8_E
8002583,1770.83,,V1_site8_E
8002584,1707.54,,V1_site8_E
8002585,1768.54,,V1_site8_E
8002586,1752.24,,V1_site8_E
8002587,1795.45,,V1_site8_E
8002588,1727.33,,V1_site8_E
8002589,1788.16,,V1_site8_E
8002590,1739.77,,V1_site8_E
8002591,1921.39,,V1_site8_E
8002592,1797.62,,V1_site8_E
8002593,1782.13,,V1_site8_E
8002594,1811.28,,V1_site8_E
8002595,1906.55,,V1_site8_E
8002596,1772.94,,V1_site8_E
8002597,1768.47,,V1_site8_E
8002598,1850.21,,V1_site8_E
8002599,1839.71,,V1_site8_E
8002600,1801.2,,V1_site8_E
8002601,1795.21,,V1_site8_E
8002602,1857.61,,V1_site8_E
8002603,1766.99,,V1_site8_E
8002604,1802.06,,V1_site8_E
8002605,1846.81,,V1_site8_E
8002606,1917.69,,V1_site8_E
8002607,1802.16,,V1_site8_E
8002608,1843.4,,V1_site8_E
8002609,1809.26,,V1_site8_E
8002610,1845.24,,V1_site8_E
8002611,1840.26,,V1_site8_E
8002612,1836.73,,V1_site8_E
8002613,1908.4,,V1_site8_E
8002614,1809.21,,V1_site8_E
8002615,1905.6,,V1_site8_E
8002616,1904.96,,V1_site8_E
8002617,1831.13,,V1_site8_E
8002618,1831.44,,V1_site8_E
8002619,1883.89,,V1_site8_E
8002620,1880.32,,V1_site8_E
8002621,1848.41,,V1_site8_E
8002622,1872.42,,V1_site8_E
8002623,1857.52,,V1_site8_E
8002624,1926.74,,V1_site8_E
8002625,1874.2,,V1_site8_E
8002626,1919.23,,V1_site8_E
8002627,1847.03,,V1_site8_E
8002628,1882.48,,V1_site8_E
8002629,1901.63,,V1_site8_E
8002630,1925.17,,V1_site8_E
8002631,1905.07,,V1_site8_E
8002632,1924.92,,V1_site8_E
8002633,1899.02,,V1_site8_E
8002634,1879.65,,V1_site8_E
8002635,1936.66,,V1_site8_E
8002636,1886.17,,V1_site8_E
8002637,1855.93,,V1_site8_E
8002638,1884.11,,V1_site8_E
8002639,1911.78,,V1_site8_E
8002640,1882.99,,V1_site8_E
8002641,1909.38,,V1_site8_E
8002642,1919.06,,V1_site8_E
8002643,1905.23,,V1_site8_E
8002644,1893.0,,V1_site8_E
8002645,1910.58,,V1_site8_E
8002646,1920.38,,V1_site8_E
8002647,1958.58,,V1_site8_E
8002648,1948.48,,V1_site8_E
8002649,1923.16,,V1_site8_E
8002650,1951.01,,V1_site8_E
8002651,1935.66,,V1_site8_E
8002652,1932.66,,V1_site8_E
8002653,1925.71,,V1_site8_E
8002654,1911.32,,V1_site8_E
8002655,1923.51,,V1_site8_E
8002656,1938.82,,V1_site8_E
8002657,1941.16,,V1_site8_E
8002658,1918.68,,V1_site8_E
8002659,1918.86,,V1_site8_E
8002660,1934.3,,V1_site8_E
8002661,1930.87,,V1_site8_E
8002662,1935.24,,V1_site8_E
8002663,1943.09,,V1_site8_E
8002664,1922.46,,V1_site8_E
8002665,1940.65,,V1_site8_E
8002666,1942.23,,V1_site8_E
8002667,1955.61,,V1_site8_E
8002668,1954.69,,V1_site8_E
8002669,1960.2,,V1_site8_E
8002670,1963.57,,V1_site8_E
8002671,1969.23,,V1_site8_E
8002672,1949.96,,V1_site8_E
8002673,1968.3,,V1_site8_E
8002674,1959.11,,V1_site8_E
8002675,1964.52,,V1_site8_E
8002676,2015.08,,V1_site8_E
8002677,1968.25,,V1_site8_E
8002678,1963.8,,V1_site8_E
8002679,1962.96,,V1_site8_E
8002680,1993.55,,V1_site8_E
8002681,1999.77,,V1_site8_E
8002682,2055.67,,V1_site8_E
8002683,2016.42,,V1_site8_E
8002684,2000.02,,V1_site8_E
8002685,2019.87,,V1_site8_E
8002686,2022.35,,V1_site8_E
8002687,2004.76,,V1_site8_E
8002688,2008.19,,V1_site8_E
8002689,2019.41,,V1_site8_E
8002690,2036.78,,V1_site8_E
8002691,2027.25,,V1_site8_E
8002692,2067.12,,V1_site8_E
8002693,2057.16,,V1_site8_E
8002694,2075.01,,V1_site8_E
8002695,2057.0,,V1_site8_E
8002696,2039.18,,V1_site8_E
8002697,2029.67,,V1_site8_E
8002698,2040.83,,V1_site8_E
8002699,2066.52,,V1_site8_E
8002700,2040.89,,V1_site8_E
8002701,2021.39,,V1_site8_E
8002702,1965.83,,V1_site8_E
8002703,2098.07,,V1_site8_E
8002704,2105.94,,V1_site8_E
8002705,2088.35,,V1_site8_E
8002706,2105.21,,V1_site8_E
8002707,2101.96,,V1_site8_E
8002708,2116.66,,V1_site8_E
8002709,2095.95,,V1_site8_E
8002710,2107.59,,V1_site8_E
8002711,2068.61,,V1_site8_E
8002712,2084.58,,V1_site8_E
8002713,2141.25,,V1_site8_E
8002714,2149.52,,V1_site8_E
8002715,2136.11,,V1_site8_E
8002716,2118.3,,V1_site8_E
8002717,2137.71,,V1_site8_E
8002718,2194.51,,V1_site8_E
8002719,2189.27,,V1_site8_E
8002720,2156.3,,V1_site8_E
8002721,2179.76,,V1_site8_E
8002722,2221.44,,V1_site8_E
8002723,2201.06,,V1_site8_E
8002724,2220.26,,V1_site8_E
8002725,2224.74,,V1_site8_E
8002726,2218.05,,V1_site8_E
8002727,2242.83,,V1_site8_E
8002728,2265.75,,V1_site8_E
8002729,2253.72,,V1_site8_E
8002730,2238.73,,V1_site8_E
8002731,2265.77,,V1_site8_E
8002732,2257.63,,V1_site8_E
8002733,2272.06,,V1_site8_E
8002734,2243.29,,V1_site8_E
8002735,2253.96,,V1_site8_E
8002736,2272.51,,V1_site8_E
8002737,2241.83,,V1_site8_E
8002738,2267.46,,V1_site8_E
8002739,2312.61,,V1_site8_E
8002740,2276.82,,V1_site8_E
8002741,2310.15,,V1_site8_E
8002742,2276.18,,V1_site8_E
8002743,2293.3,,V1_site8_E
8002744,2304.37,,V1_site8_E
8002745,2293.7,,V1_site8_E
8002746,2308.74,,V1_site8_E
8002747,2298.0,,V1_site8_E
8002748,2297.05,,V1_site8_E
8002749,2307.66,,V1_site8_E
8002750,2342.29,,V1_site8_E
8002751,2349.73,,V1_site8_E
8002752,2339.6,,V1_site8_E
8002753,2340.59,,V1_site8_E
8002754,2316.43,,V1_site8_E
8002755,2344.36,,V1_site8_E
8002756,2339.77,,V1_site8_E
8002757,2334.59,,V1_site8_E
8002758,2341.32,,V1_site8_E
8002759,2395.35,,V1_site8_E
8002760,2355.82,,V1_site8_E
8002761,2379.24,,V1_site8_E
8002762,2369.35,,V1_site8_E
8002763,2373.71,,V1_site8_E
8002764,2375.67,,V1_site8_E
8002765,2356.55,,V1_site8_E
8002766,2388.13,,V1_site8_E
8002767,2403.1,,V1_site8_E
8002768,2393.88,,V1_site8_E
8002769,2395.58,,V1_site8_E
8002770,2413.52,,V1_site8_E
8002771,2437.91,,V1_site8_E
8002772,2431.83,,V1_site8_E
8002773,2414.23,,V1_site8_E
8002774,2441.83,,V1_site8_E
8002775,2408.01,,V1_site8_E
8002776,2393.24,,V1_site8_E
8002777,2385.84,,V1_site8_E
8002778,2416.62,,V1_site8_E
8002779,2415.46,,V1_site8_E
8002780,2411.73,,V1_site8_E
8002781,2463.78,,V1_site8_E
8002782,2455.84,,V1_site8_E
8002783,2470.94,,V1_site8_E
8002784,2465.0,,V1_site8_E
8002785,2450.32,,V1_site8_E
8002786,2473.45,,V1_site8_E
8002787,2471.63,,V1_site8_E
8002788,2494.04,,V1_site8_E
8002789,2499.91,,V1_site8_E
8002790,2515.59,,V1_site8_E
8002791,2520.61,,V1_site8_E
8002792,2511.17,,V1_site8_E
8002793,2526.23,,V1_site8_E
8002794,2531.37,,V1_site8_E
8002795,2518.04,,V1_site8_E
8002796,2490.36,,V1_site8_E
8002797,2514.28,,V1_site8_E
8002798,2509.27,,V1_site8_E
8002799,2527.82,,V1_site8_E
8002800,2539.4,,V1_site8_E
8002801,2534.32,,V1_site8_E
8002802,2550.15,,V1_site8_E
8002803,2534.57,,V1_site8_E
8002804,2544.78,,V1_site8_E
8002805,2552.98,,V1_site8_E
8002806,2536.38,,V1_site8_E
8002807,2555.36,,V1_site8_E
8002808,2568.45,,V1_site8_E
8002809,2569.12,,V1_site8_E
8002810,2540.21,,V1_site8_E
8002811,2524.86,,V1_site8_E
8002812,2574.97,,V1_site8_E
8002813,2591.8,,V1_site8_E
8002814,2571.55,,V1_site8_E
8002815,2534.49,,V1_site8_E
8002816,2597.15,,V1_site8_E
8002817,2607.66,,V1_site8_E
8002818,2617.88,,V1_site8_E
8002819,2619.7,,V1_site8_E
8002820,2613.06,,V1_site8_E
8002821,2607.67,,V1_site8_E
8002822,2604.53,,V1_site8_E
8002823,2541.82,,V1_site8_E
8002824,2618.6,,V1_site8_E
8002825,2533.71,,V1_site8_E
8002826,2611.7,,V1_site8_E
8002827,2629.39,,V1_site8_E
8002828,2633.91,,V1_site8_E
8002829,2662.95,,V1_site8_E
8002830,2633.45,,V1_site8_E
8002831,2654.71,,V1_site8_E
8002832,2633.49,,V1_site8_E
8002833,2658.98,,V1_site8_E
8002834,2655.68,,V1_site8_E
8002835,2656.26,,V1_site8_E
8002836,2673.62,,V1_site8_E
8002837,2639.73,,V1_site8_E
8002838,2687.22,,V1_site8_E
8002839,2707.27,,V1_site8_E
8002840,2688.1,,V1_site8_E
8002841,2686.5,,V1_site8_E
8002842,2696.73,,V1_site8_E
8002843,2708.81,,V1_site8_E
8002844,2625.08,,V1_site8_E
8002845,2755.78,,V1_site8_E
8002846,2708.5,,V1_site8_E
8002847,2739.19,,V1_site8_E
8002848,2756.86,,V1_site8_E
8002849,2763.29,,V1_site8_E
8002850,2748.17,,V1_site8_E
8002851,2733.02,,V1_site8_E
8002852,2730.28,,V1_site8_E
8002853,2751.78,,V1_site8_E
8002854,2736.06,,V1_site8_E
8002855,2733.28,,V1_site8_E
8002856,2781.07,,V1_site8_E
8002857,2798.69,,V1_site8_E
8002858,2799.75,,V1_site8_E
8002859,2803.4,,V1_site8_E
8002860,2801.22,,V1_site8_E
8002861,2805.6,,V1_site8_E
8002862,2767.28,,V1_site8_E
8002863,2802.72,,V1_site8_E
8002864,2773.16,,V1_site8_E
8002865,2772.86,,V1_site8_E
8002866,2772.39,,V1_site8_E
8002867,2798.21,,V1_site8_E
8002868,2783.95,,V1_site8_E
8002869,2780.99,,V1_site8_E
8002870,2827.1,,V1_site8_E
8002871,2820.01,,V1_site8_E
8002872,2815.42,,V1_site8_E
8002873,2815.85,,V1_site8_E
8002874,2818.06,,V1_site8_E
8002875,2814.22,,V1_site8_E
8002876,2828.63,,V1_site8_E
8002877,2859.93,,V1_site8_E
8002878,2867.94,,V1_site8_E
8002879,2848.33,,V1_site8_E
8002880,2850.65,,V1_site8_E
8002881,2881.38,,V1_site8_E
8002882,2847.69,,V1_site8_E
8002883,2845.99,,V1_site8_E
8002884,2852.55,,V1_site8_E
8002885,2860.03,,V1_site8_E
8002886,2895.34,,V1_site8_E
8002887,2890.51,,V1_site8_E
8002888,2884.13,,V1_site8_E
8002889,2893.45,,V1_site8_E
8002890,2890.18,,V1_site8_E
8002891,2935.05,,V1_site8_E
8002892,2932.46,,V1_site8_E
8002893,2975.08,,V1_site8_E
8002894,2967.13,,V1_site8_E
8002895,2978.15,,V1_site8_E
8002896,2959.75,,V1_site8_E
8002897,42.47,,V1_site8_E
8002898,30.7,,V1_site8_E
8002899,-335.04,,V1_site8_E
8002900,193.51,,V1_site8_E
8002901,79.8,,V1_site8_E
8002902,3478.13,,V1_site8_E
8002903,4.33,,V1_site8_E
8002904,21.77,,V1_site8_E
8002905,3342.07,,V1_site8_E
8002906,79.1,,V1_site8_E
8002907,-162.71,,V1_site8_E
8002908,107.16,,V1_site8_E
8002909,3422.74,,V1_site8_E
8002910,3461.82,,V1_site8_E
8002911,3498.28,,V1_site8_E
8002912,-22.87,,V1_site8_E
8002913,3536.5,,V1_site8_E
8002914,3521.01,,V1_site8_E
8002915,-49.21,,V1_site8_E
8002916,3521.44,,V1_site8_E
8002917,21.73,,V1_site8_E
8002918,2569.2,,V1_site8_E
8002919,3573.09,,V1_site8_E
8002920,-572.92,,V1_site8_E
8002921,3679.62,,V1_site8_E
8002922,3721.46,,V1_site8_E
8002923,3763.31,,V1_site8_E
8002924,2548.13,,V1_site8_E
