unit_id,selection_role,group,direction,rows_or_columns_removed,model,remaining_rows,remaining_columns,threshold_center_x_px,threshold_center_y_px,threshold_area_deg2,threshold_component_touches_crop_edge,original_threshold_component_censored,original_peak_removed,crop_stratum,success,at_bound,baseline,center_x_px,center_y_px,sigma_x_px,sigma_y_px,data_rmse,ring_modulation_rms,major_sigma_deg,minor_sigma_deg,major_sigma_ratio,absolute_log2_major_sigma_ratio,center_error_deg,threshold_area_ratio
951869357,V1 typical,V1,top,0,Allen no baseline,9,9,4.6667,3.3333,300,False,False,False,component intact,True,False,0,4.852142,3.2629793,1.5081379,0.76786098,,,15.081379,7.6786098,1,0,0,1
951869357,V1 typical,V1,top,0,Baseline screen-bounded,9,9,4.6667,3.3333,300,False,False,False,component intact,True,False,2.1850031,4.6202393,3.2477311,0.92557053,0.57157265,2.6739389,,9.2557053,5.7157265,1,0,0,1
951869357,V1 typical,V1,top,0,Baseline extended,9,9,4.6667,3.3333,300,False,False,False,component intact,True,False,2.1850032,4.6202393,3.2477311,0.92557046,0.57157265,2.6739389,,9.2557046,5.7157265,1,0,0,1
951869357,V1 typical,V1,top,0,Baseline + DC ring,9,9,4.6667,3.3333,300,False,False,False,component intact,True,False,2.1850034,4.6202392,3.2477311,0.92557023,0.57157264,2.6739389,0.00095552861,9.2557023,5.7157264,1,0,0,1
951869357,V1 typical,V1,top,1,Allen no baseline,8,9,4.5,3.5,400,False,False,False,component intact,True,False,0,4.8517481,3.2629291,1.5074161,0.76722016,,,15.074161,7.6722016,0.99952143,0.00069059618,0.0039709649,1.3333333
951869357,V1 typical,V1,top,1,Baseline screen-bounded,8,9,4.5,3.5,400,False,False,False,component intact,True,False,2.2504416,4.6191307,3.2490423,0.91981893,0.56813084,2.783527,,9.1981893,5.6813084,0.99378589,0.0089930402,0.017170235,1.3333333
951869357,V1 typical,V1,top,1,Baseline extended,8,9,4.5,3.5,400,False,False,False,component intact,True,False,2.2504418,4.6191306,3.2490422,0.91981876,0.56813084,2.783527,,9.1981876,5.6813084,0.99378578,0.0089931936,0.017170435,1.3333333
951869357,V1 typical,V1,top,1,Baseline + DC ring,8,9,4.5,3.5,400,False,False,False,component intact,True,False,2.2504425,4.6191303,3.2490421,0.91981801,0.5681308,2.783527,0.0010914048,9.1981801,5.681308,0.99378521,0.0089940189,0.017171644,1.3333333
951869357,V1 typical,V1,top,2,Allen no baseline,7,9,4.8,3.4,500,False,False,False,component intact,True,False,0,4.8348338,3.2627618,1.4759469,0.74055326,,,14.759469,7.4055326,0.97865516,0.031127489,0.17309647,1.6666667
951869357,V1 typical,V1,top,2,Baseline screen-bounded,7,9,4.8,3.4,500,False,False,False,component intact,True,False,2.3408973,4.6176663,3.2509363,0.91206198,0.56335254,2.9002138,,9.1206198,5.6335254,0.98540516,0.02121107,0.041102026,1.6666667
951869357,V1 typical,V1,top,2,Baseline extended,7,9,4.8,3.4,500,False,False,False,component intact,True,False,2.3408975,4.6176662,3.2509363,0.91206176,0.56335253,2.9002138,,9.1206176,5.6335253,0.98540501,0.02121129,0.041102298,1.6666667
951869357,V1 typical,V1,top,2,Baseline + DC ring,7,9,4.8,3.4,500,False,False,False,component intact,True,False,2.3408975,4.6176662,3.2509363,0.91206176,0.56335253,2.9002138,0.0011719175,9.1206176,5.6335253,0.98540524,0.021210957,0.041101754,1.6666667
951869357,V1 typical,V1,top,3,Allen no baseline,6,9,4.5,3,200,True,False,False,component intact,True,False,0,-8.6664479,17.675411,0.88379664,3.6775255,,,36.775255,8.8379664,2.4384544,1.285967,197.60325,0.66666667
951869357,V1 typical,V1,top,3,Baseline screen-bounded,6,9,4.5,3,200,True,False,False,component intact,True,True,2.3140591,4.631294,3,0.92252403,0.80983528,3.0441011,,9.2252403,8.0983528,0.99670851,0.0047564422,2.4797766,0.66666667
951869357,V1 typical,V1,top,3,Baseline extended,6,9,4.5,3,200,True,False,False,component intact,True,False,2.2851397,4.6324132,2.7940612,0.92531087,0.94895993,3.041375,,9.4895993,9.2531087,1.0252703,0.036004358,4.5383322,0.66666667
951869357,V1 typical,V1,top,3,Baseline + DC ring,6,9,4.5,3,200,True,False,False,component intact,True,False,2.2851541,4.6324115,2.7941356,0.92530672,0.94891264,3.041375,0.0054074192,9.4891264,9.2530672,1.0252195,0.035932811,4.5375882,0.66666667
951869357,V1 typical,V1,top,4,Allen no baseline,5,9,6,4,500,True,True,True,original peak removed,False,False,0,5.7672237,-18.678673,2.1692908,5.3001097,,,53.001097,21.692908,3.5143403,1.8132539,219.60726,1.6666667
951869357,V1 typical,V1,top,4,Baseline screen-bounded,5,9,6,4,500,True,True,True,original peak removed,True,True,1.2357978,5.835139,4.3896479,1.7959336,0.35000818,2.1937595,,17.959336,3.5000818,1.940353,0.95631915,16.673197,1.6666667
951869357,V1 typical,V1,top,4,Baseline extended,5,9,6,4,500,True,True,True,original peak removed,True,True,1.2357948,5.835134,4.3896536,1.7959368,0.35,2.1937595,,17.959368,3.5,1.9403566,0.95632185,16.6732,1.6666667
951869357,V1 typical,V1,top,4,Baseline + DC ring,5,9,6,4,500,True,True,True,original peak removed,True,True,1.2432789,5.8346271,4.3894364,1.7813722,0.35,2.1938359,0.31860859,17.813722,3.5,1.9246213,0.94457457,16.668019,1.6666667
951869357,V1 typical,V1,bottom,0,Allen no baseline,9,9,4.6667,3.3333,300,False,False,False,component intact,True,False,0,4.852142,3.2629793,1.5081379,0.76786098,,,15.081379,7.6786098,1,0,0,1
951869357,V1 typical,V1,bottom,0,Baseline screen-bounded,9,9,4.6667,3.3333,300,False,False,False,component intact,True,False,2.1850031,4.6202393,3.2477311,0.92557053,0.57157265,2.6739389,,9.2557053,5.7157265,1,0,0,1
951869357,V1 typical,V1,bottom,0,Baseline extended,9,9,4.6667,3.3333,300,False,False,False,component intact,True,False,2.1850032,4.6202393,3.2477311,0.92557046,0.57157265,2.6739389,,9.2557046,5.7157265,1,0,0,1
951869357,V1 typical,V1,bottom,0,Baseline + DC ring,9,9,4.6667,3.3333,300,False,False,False,component intact,True,False,2.1850034,4.6202392,3.2477311,0.92557023,0.57157264,2.6739389,0.00095552861,9.2557023,5.7157264,1,0,0,1
951869357,V1 typical,V1,bottom,1,Allen no baseline,8,9,4.5,3.5,400,False,False,False,component intact,True,False,0,4.8521496,3.2629813,1.5081511,0.76786525,,,15.081511,7.6786525,1.0000088,1.2663882e-05,7.8101829e-05,1.3333333
951869357,V1 typical,V1,bottom,1,Baseline screen-bounded,8,9,4.5,3.5,400,False,False,False,component intact,True,False,2.3569479,4.6174284,3.2512856,0.91070929,0.56249986,2.789395,,9.1070929,5.6249986,0.9839437,0.02335233,0.045316375,1.3333333
951869357,V1 typical,V1,bottom,1,Baseline extended,8,9,4.5,3.5,400,False,False,False,component intact,True,False,2.356948,4.6174284,3.2512856,0.91070923,0.56249986,2.789395,,9.1070923,5.6249986,0.98394371,0.023352307,0.045316349,1.3333333
951869357,V1 typical,V1,bottom,1,Baseline + DC ring,8,9,4.5,3.5,400,False,False,False,component intact,True,False,2.3569483,4.6174283,3.2512856,0.91070893,0.56249985,2.789395,0.000903483,9.1070893,5.6249985,0.98394362,0.02335244,0.045316615,1.3333333
951869357,V1 typical,V1,bottom,2,Allen no baseline,7,9,4.5,3.5,400,False,False,False,component intact,True,False,0,4.852128,3.2629722,1.5081138,0.76782823,,,15.081138,7.6782823,0.99998401,2.3072092e-05,0.00015774204,1.3333333
951869357,V1 typical,V1,bottom,2,Baseline screen-bounded,7,9,4.5,3.5,400,False,False,False,component intact,True,False,2.5492573,4.6147204,3.2557334,0.89512331,0.55218043,2.9086784,,8.9512331,5.5218043,0.96710438,0.048256491,0.097209133,1.3333333
951869357,V1 typical,V1,bottom,2,Baseline extended,7,9,4.5,3.5,400,False,False,False,component intact,True,False,2.5492573,4.6147203,3.2557334,0.89512328,0.55218043,2.9086784,,8.9512328,5.5218043,0.96710442,0.048256427,0.097209055,1.3333333
951869357,V1 typical,V1,bottom,2,Baseline + DC ring,7,9,4.5,3.5,400,False,False,False,component intact,True,False,2.5492576,4.6147202,3.2557334,0.89512303,0.55218043,2.9086784,0.00064500715,8.9512303,5.5218043,0.96710439,0.048256476,0.097209163,1.3333333
951869357,V1 typical,V1,bottom,3,Allen no baseline,6,9,5,3.5,600,False,False,False,component intact,True,False,0,4.8496762,3.2619669,1.503766,0.76454409,,,15.03766,7.6454409,0.99710112,0.0041882721,0.026655539,2
951869357,V1 typical,V1,bottom,3,Baseline screen-bounded,6,9,5,3.5,600,False,False,False,component intact,True,False,2.8997608,4.6107062,3.2653124,0.86895553,0.53250358,3.0504838,,8.6895553,5.3250358,0.93883232,0.091060588,0.19999567,2
951869357,V1 typical,V1,bottom,3,Baseline extended,6,9,5,3.5,600,False,False,False,component intact,True,False,2.8997607,4.6107062,3.2653124,0.86895559,0.53250358,3.0504838,,8.6895559,5.3250358,0.93883246,0.09106037,0.19999554,2
951869357,V1 typical,V1,bottom,3,Baseline + DC ring,6,9,5,3.5,600,False,False,False,component intact,True,False,2.899761,4.6107062,3.2653124,0.86895543,0.53250356,3.0504838,0.0013150593,8.6895543,5.3250356,0.93883251,0.091060293,0.19999542,2
951869357,V1 typical,V1,bottom,4,Allen no baseline,5,9,4.8,3.6,500,True,False,False,component intact,True,False,0,4.7527727,3.2332113,1.3336372,0.67417788,,,13.336372,6.7417788,0.88429396,0.17740207,1.0373237,1.6666667
951869357,V1 typical,V1,bottom,4,Baseline screen-bounded,5,9,4.8,3.6,500,True,False,False,component intact,True,False,2.7027348,4.6122089,3.2624463,0.88344249,0.53849018,2.9836926,,8.8344249,5.3849018,0.95448425,0.067206707,0.16763804,1.6666667
951869357,V1 typical,V1,bottom,4,Baseline extended,5,9,4.8,3.6,500,True,False,False,component intact,True,False,2.7027348,4.6122089,3.2624463,0.88344248,0.53849018,2.9836926,,8.8344248,5.3849018,0.95448432,0.067206605,0.16763797,1.6666667
951869357,V1 typical,V1,bottom,4,Baseline + DC ring,5,9,4.8,3.6,500,True,False,False,component intact,True,False,2.7027348,4.6122089,3.2624463,0.88344244,0.53849017,2.9836926,0.00071815614,8.8344244,5.3849017,0.95448449,0.067206333,0.16763782,1.6666667
951869357,V1 typical,V1,left,0,Allen no baseline,9,9,4.6667,3.3333,300,False,False,False,component intact,True,False,0,4.852142,3.2629793,1.5081379,0.76786098,,,15.081379,7.6786098,1,0,0,1
951869357,V1 typical,V1,left,0,Baseline screen-bounded,9,9,4.6667,3.3333,300,False,False,False,component intact,True,False,2.1850031,4.6202393,3.2477311,0.92557053,0.57157265,2.6739389,,9.2557053,5.7157265,1,0,0,1
951869357,V1 typical,V1,left,0,Baseline extended,9,9,4.6667,3.3333,300,False,False,False,component intact,True,False,2.1850032,4.6202393,3.2477311,0.92557046,0.57157265,2.6739389,,9.2557046,5.7157265,1,0,0,1
951869357,V1 typical,V1,left,0,Baseline + DC ring,9,9,4.6667,3.3333,300,False,False,False,component intact,True,False,2.1850034,4.6202392,3.2477311,0.92557023,0.57157264,2.6739389,0.00095552861,9.2557023,5.7157264,1,0,0,1
951869357,V1 typical,V1,left,1,Allen no baseline,9,8,4.5,3.5,400,False,False,False,component intact,True,False,0,4.8390749,3.2596253,1.4690663,0.76081045,,,14.690663,7.6081045,0.97409281,0.037868853,0.13490692,1.3333333
951869357,V1 typical,V1,left,1,Baseline screen-bounded,9,8,4.5,3.5,400,False,False,False,component intact,True,False,2.3392691,4.6176996,3.2509022,0.91218216,0.56343815,2.7077796,,9.1218216,5.6343815,0.98553501,0.02102097,0.040627703,1.3333333
951869357,V1 typical,V1,left,1,Baseline extended,9,8,4.5,3.5,400,False,False,False,component intact,True,False,2.3392692,4.6176995,3.2509022,0.91218203,0.56343815,2.7077796,,9.1218203,5.6343815,0.98553494,0.021021071,0.040627804,1.3333333
951869357,V1 typical,V1,left,1,Baseline + DC ring,9,8,4.5,3.5,400,False,False,False,component intact,True,False,2.3392695,4.6176994,3.2509022,0.91218171,0.56343814,2.7077796,0.00093189953,9.1218171,5.6343814,0.98553483,0.021021231,0.040628127,1.3333333
951869357,V1 typical,V1,left,2,Allen no baseline,9,7,4.5,3.5,400,False,False,False,component intact,True,False,0,4.8132485,3.2524774,1.3985979,0.74346956,,,13.985979,7.4346956,0.92736739,0.10878709,0.40286407,1.3333333
951869357,V1 typical,V1,left,2,Baseline screen-bounded,9,7,4.5,3.5,400,False,False,False,component intact,True,False,2.2772584,4.618673,3.2495992,0.91768058,0.56668156,2.7909801,,9.1768058,5.6668156,0.99147558,0.01235086,0.024378616,1.3333333
951869357,V1 typical,V1,left,2,Baseline extended,9,7,4.5,3.5,400,False,False,False,component intact,True,False,2.2772586,4.6186729,3.2495992,0.91768038,0.56668155,2.7909801,,9.1768038,5.6668155,0.99147544,0.012351058,0.024378871,1.3333333
951869357,V1 typical,V1,left,2,Baseline + DC ring,9,7,4.5,3.5,400,False,False,False,component intact,True,False,2.277259,4.6186728,3.2495992,0.91768003,0.56668154,2.7909801,0.0010441267,9.1768003,5.6668154,0.99147531,0.012351249,0.024379232,1.3333333
951869357,V1 typical,V1,left,3,Allen no baseline,9,6,5,3.5,600,False,False,False,component intact,True,False,0,4.8315572,3.2635386,1.5972664,0.75648758,,,15.972664,7.5648758,1.0590984,0.082836584,0.20592447,2
951869357,V1 typical,V1,left,3,Baseline screen-bounded,9,6,5,3.5,600,False,False,False,component intact,True,False,2.3529249,4.6150729,3.2516508,0.93584617,0.5625318,2.9462176,,9.3584617,5.625318,1.011102,0.015928474,0.064850653,2
951869357,V1 typical,V1,left,3,Baseline extended,9,6,5,3.5,600,False,False,False,component intact,True,False,2.3529255,4.6150728,3.2516508,0.93584568,0.56253177,2.9462176,,9.3584568,5.6253177,1.0111015,0.015927828,0.064851402,2
951869357,V1 typical,V1,left,3,Baseline + DC ring,9,6,5,3.5,600,False,False,False,component intact,True,False,2.3529288,4.6150726,3.2516508,0.93584291,0.5625316,2.9462176,0.0041951259,9.3584291,5.625316,1.0110988,0.015923917,0.064852175,2
951869357,V1 typical,V1,left,4,Allen no baseline,9,5,4.5,3.5,400,True,False,False,component intact,True,False,0,1.6013559,3.2784157,3.8826754,0.78344014,,,38.826754,7.8344014,2.574483,1.3642828,32.508228,1.3333333
951869357,V1 typical,V1,left,4,Baseline screen-bounded,9,5,4.5,3.5,400,True,False,False,component intact,True,True,1.9867337,4,3.2772375,2.0351443,0.61364219,3.0729266,,20.351443,6.1364219,2.1987998,1.1367163,6.209408,1.3333333
951869357,V1 typical,V1,left,4,Baseline extended,9,5,4.5,3.5,400,True,False,False,component intact,True,False,1.9118187,3.2616863,3.276083,2.5602768,0.62128095,3.0648578,,25.602768,6.2128095,2.7661609,1.4678851,13.588489,1.3333333
951869357,V1 typical,V1,left,4,Baseline + DC ring,9,5,4.5,3.5,400,True,False,False,component intact,True,False,2.0800366,4.1758768,3.2751885,1.813691,0.60512668,3.0818379,0.80229662,18.13691,6.0512668,1.9595391,0.97051434,4.4520995,1.3333333
951869357,V1 typical,V1,right,0,Allen no baseline,9,9,4.6667,3.3333,300,False,False,False,component intact,True,False,0,4.852142,3.2629793,1.5081379,0.76786098,,,15.081379,7.6786098,1,0,0,1
951869357,V1 typical,V1,right,0,Baseline screen-bounded,9,9,4.6667,3.3333,300,False,False,False,component intact,True,False,2.1850031,4.6202393,3.2477311,0.92557053,0.57157265,2.6739389,,9.2557053,5.7157265,1,0,0,1
951869357,V1 typical,V1,right,0,Baseline extended,9,9,4.6667,3.3333,300,False,False,False,component intact,True,False,2.1850032,4.6202393,3.2477311,0.92557046,0.57157265,2.6739389,,9.2557046,5.7157265,1,0,0,1
951869357,V1 typical,V1,right,0,Baseline + DC ring,9,9,4.6667,3.3333,300,False,False,False,component intact,True,False,2.1850034,4.6202392,3.2477311,0.92557023,0.57157264,2.6739389,0.00095552861,9.2557023,5.7157264,1,0,0,1
951869357,V1 typical,V1,right,1,Allen no baseline,9,8,4.8,3.6,500,False,False,False,component intact,True,False,0,4.6809789,3.2301583,1.170409,0.7070462,,,11.70409,7.070462,0.77606233,0.36575556,1.7428149,1.6666667
951869357,V1 typical,V1,right,1,Baseline screen-bounded,9,8,4.8,3.6,500,False,False,False,component intact,True,False,2.11689,4.6186004,3.2459772,0.92373288,0.57522693,2.5805571,,9.2373288,5.7522693,0.99801458,0.0028672082,0.024005438,1.6666667
951869357,V1 typical,V1,right,1,Baseline extended,9,8,4.8,3.6,500,False,False,False,component intact,True,False,2.1168901,4.6186003,3.2459772,0.92373281,0.57522692,2.5805571,,9.2373281,5.7522692,0.99801458,0.0028672021,0.024005432,1.6666667
951869357,V1 typical,V1,right,1,Baseline + DC ring,9,8,4.8,3.6,500,False,False,False,component intact,True,False,2.1168903,4.6186004,3.2459772,0.92373263,0.57522691,2.5805571,0.0015991846,9.2373263,5.7522691,0.99801463,0.0028671345,0.024004381,1.6666667
951869357,V1 typical,V1,right,2,Allen no baseline,9,7,4.8,3.4,500,True,False,False,component intact,True,False,0,4.5839002,3.2083231,0.96288062,0.67581375,,,9.6288062,6.7581375,0.63845663,0.64733948,2.737535,1.6666667
951869357,V1 typical,V1,right,2,Baseline screen-bounded,9,7,4.8,3.4,500,True,False,False,component intact,True,False,1.7889487,4.5907162,3.2326519,0.87317586,0.58999018,1.7255317,,8.7317586,5.8999018,0.94339202,0.084070693,0.33151177,1.6666667
951869357,V1 typical,V1,right,2,Baseline extended,9,7,4.8,3.4,500,True,False,False,component intact,True,False,1.7889487,4.5907162,3.2326519,0.87317587,0.58999016,1.7255317,,8.7317587,5.8999016,0.94339211,0.084070556,0.33151163,1.6666667
951869357,V1 typical,V1,right,2,Baseline + DC ring,9,7,4.8,3.4,500,True,False,False,component intact,True,False,1.7889487,4.5907162,3.2326518,0.87317585,0.58999016,1.7255317,0.00065158974,8.7317585,5.8999016,0.94339232,0.08407024,0.33151101,1.6666667
951869357,V1 typical,V1,right,3,Allen no baseline,9,6,4.6667,3.3333,300,True,False,False,component intact,True,False,0,4.648717,3.2008966,1.0399077,0.66485384,,,10.399077,6.6485384,0.6895309,0.5363129,2.126876,1
951869357,V1 typical,V1,right,3,Baseline screen-bounded,9,6,4.6667,3.3333,300,True,False,False,component intact,True,False,1.8468895,4.6230478,3.2256612,0.91432477,0.58664705,1.8072998,,9.1432477,5.8664705,0.98784991,0.017636227,0.22247927,1
951869357,V1 typical,V1,right,3,Baseline extended,9,6,4.6667,3.3333,300,True,False,False,component intact,True,False,1.8468907,4.6230471,3.225661,0.91432282,0.58664698,1.8072998,,9.1432282,5.8664698,0.98784789,0.017639187,0.22247973,1
951869357,V1 typical,V1,right,3,Baseline + DC ring,9,6,4.6667,3.3333,300,True,False,False,component intact,True,False,1.8468904,4.6230473,3.2256611,0.9143232,0.586647,1.8072998,0.00078982585,9.143232,5.86647,0.98784854,0.017638238,0.22247955,1
951869357,V1 typical,V1,right,4,Allen no baseline,9,5,4,3,100,True,True,True,original peak removed,False,False,0,29.904925,3.0868962,5.0358684,0.69158799,,,50.358684,6.9158799,3.33913,1.7394723,250.53401,0.33333333
951869357,V1 typical,V1,right,4,Baseline screen-bounded,9,5,4,3,100,True,True,True,original peak removed,True,True,1.7168981,3.6493567,3.1038625,0.35,0.61340629,1.6820417,,6.1340629,3.5,0.66273317,0.59349997,9.8148427,0.33333333
951869357,V1 typical,V1,right,4,Baseline extended,9,5,4,3,100,True,True,True,original peak removed,True,True,1.7168981,3.6493566,3.1038625,0.35,0.61340623,1.6820417,,6.1340623,3.5,0.66273315,0.59350001,9.8148429,0.33333333
951869357,V1 typical,V1,right,4,Baseline + DC ring,9,5,4,3,100,True,True,True,original peak removed,True,True,1.7168982,3.6493567,3.1038625,0.35,0.61340622,1.6820417,1.2430847e-08,6.1340622,3.5,0.6627333,0.59349968,9.8148413,0.33333333
951868602,V1 upper quartile,V1,top,0,Allen no baseline,9,9,5.1111,3.3333,900,False,False,False,component intact,True,False,0,4.9436385,3.3555366,2.4362766,2.4611452,,,24.611452,24.362766,1,0,0,1
951868602,V1 upper quartile,V1,top,0,Baseline screen-bounded,9,9,5.1111,3.3333,900,False,False,False,component intact,True,False,4.9947726,5.1088831,3.2878107,1.487704,1.6614797,2.7214474,,16.614797,14.87704,1,0,0,1
951868602,V1 upper quartile,V1,top,0,Baseline extended,9,9,5.1111,3.3333,900,False,False,False,component intact,True,False,4.9947849,5.1088817,3.28781,1.4877017,1.6614748,2.7214474,,16.614748,14.877017,1,0,0,1
951868602,V1 upper quartile,V1,top,0,Baseline + DC ring,9,9,5.1111,3.3333,900,False,False,False,component intact,True,False,5.0435694,5.1105989,3.2886147,1.4761541,1.6481358,2.721758,0.84411355,16.481358,14.761541,1,0,0,1
951868602,V1 upper quartile,V1,top,1,Allen no baseline,8,9,5.1111,3.3333,900,False,False,False,component intact,True,False,0,4.9522759,3.2745973,2.3681709,2.5683007,,,25.683007,23.681709,1.0435389,0.061484392,0.81398854,1
951868602,V1 upper quartile,V1,top,1,Baseline screen-bounded,8,9,5.1111,3.3333,900,False,False,False,component intact,True,False,4.9341137,5.1061049,3.2445116,1.5025207,1.7337801,2.7617149,,17.337801,15.025207,1.0435157,0.061452285,0.43388215,1
951868602,V1 upper quartile,V1,top,1,Baseline extended,8,9,5.1111,3.3333,900,False,False,False,component intact,True,False,4.9341263,5.1061062,3.2445111,1.5025161,1.7337786,2.7617149,,17.337786,15.025161,1.0435179,0.061455309,0.43387719,1
951868602,V1 upper quartile,V1,top,1,Baseline + DC ring,8,9,5.1111,3.3333,900,False,False,False,component intact,True,False,5.0085923,5.1084691,3.2489786,1.4868748,1.7101893,2.7624106,0.98360514,17.101893,14.868748,1.0376507,0.053320909,0.39693263,1
951868602,V1 upper quartile,V1,top,2,Allen no baseline,7,9,5,3.2,1000,True,False,False,component intact,True,False,0,4.9463155,2.9037898,2.3320527,2.9037843,,,29.037843,23.320527,1.1798509,0.23860451,4.5175474,1.1111111
951868602,V1 upper quartile,V1,top,2,Baseline screen-bounded,7,9,5,3.2,1000,True,False,False,component intact,True,False,4.7478329,5.0774475,3.2304279,1.5626421,1.7678603,2.7580725,,17.678603,15.626421,1.0640276,0.089535595,0.65429292,1.1111111
951868602,V1 upper quartile,V1,top,2,Baseline extended,7,9,5,3.2,1000,True,False,False,component intact,True,False,4.747813,5.0774476,3.2304272,1.5626482,1.7678653,2.7580725,,17.678653,15.626482,1.0640338,0.089544002,0.65428498,1.1111111
951868602,V1 upper quartile,V1,top,2,Baseline + DC ring,7,9,5,3.2,1000,True,False,False,component intact,True,False,4.861867,5.080194,3.2519325,1.5394885,1.7184247,2.7597288,1.0735258,17.184247,15.394885,1.0426475,0.060251481,0.47644937,1.1111111
951868602,V1 upper quartile,V1,top,3,Allen no baseline,6,9,5,3.5,600,True,True,True,original peak removed,True,False,0,4.9230495,2.6227295,2.3171927,3.0824782,,,30.824782,23.171927,1.2524569,0.32476093,7.3309632,0.66666667
951868602,V1 upper quartile,V1,top,3,Baseline screen-bounded,6,9,5,3.5,600,True,True,True,original peak removed,True,False,5.1926332,5.0703256,3.6962892,1.4017822,1.3191522,2.461388,,14.017822,13.191522,0.84369507,0.24520642,4.102942,0.66666667
951868602,V1 upper quartile,V1,top,3,Baseline extended,6,9,5,3.5,600,True,True,True,original peak removed,True,False,5.192633,5.0703261,3.6962904,1.4017832,1.3191504,2.461388,,14.017832,13.191504,0.84369817,0.24520112,4.1029592,0.66666667
951868602,V1 upper quartile,V1,top,3,Baseline + DC ring,6,9,5,3.5,600,True,True,True,original peak removed,True,False,5.2056684,5.0706492,3.6984863,1.3980545,1.3139544,2.4614226,0.31116161,13.980545,13.139544,0.84826412,0.23741455,4.1181398,0.66666667
951868602,V1 upper quartile,V1,top,4,Allen no baseline,5,9,5,4,300,True,True,True,original peak removed,False,False,0,4.8109525,-53.452264,2.3904654,13.21096,,,132.1096,23.904654,5.3678102,2.4243337,568.07955,0.33333333
951868602,V1 upper quartile,V1,top,4,Baseline screen-bounded,5,9,5,4,300,True,True,True,original peak removed,True,True,5.4758455,5.092606,4,1.2300406,1.0880109,2.5434338,,12.300406,10.880109,0.74032837,0.43376279,7.1237524,0.33333333
951868602,V1 upper quartile,V1,top,4,Baseline extended,5,9,5,4,300,True,True,True,original peak removed,True,False,5.451793,5.0895903,3.9513822,1.2354126,1.1271089,2.5432321,,12.354126,11.271089,0.74356389,0.42747139,6.6385254,0.33333333
951868602,V1 upper quartile,V1,top,4,Baseline + DC ring,5,9,5,4,300,True,True,True,original peak removed,True,False,5.4552125,5.0899928,3.9559318,1.2343346,1.1232769,2.543234,0.08060671,12.343346,11.232769,0.74892771,0.41710163,6.6763516,0.33333333
951868602,V1 upper quartile,V1,bottom,0,Allen no baseline,9,9,5.1111,3.3333,900,False,False,False,component intact,True,False,0,4.9436385,3.3555366,2.4362766,2.4611452,,,24.611452,24.362766,1,0,0,1
951868602,V1 upper quartile,V1,bottom,0,Baseline screen-bounded,9,9,5.1111,3.3333,900,False,False,False,component intact,True,False,4.9947726,5.1088831,3.2878107,1.487704,1.6614797,2.7214474,,16.614797,14.87704,1,0,0,1
951868602,V1 upper quartile,V1,bottom,0,Baseline extended,9,9,5.1111,3.3333,900,False,False,False,component intact,True,False,4.9947849,5.1088817,3.28781,1.4877017,1.6614748,2.7214474,,16.614748,14.877017,1,0,0,1
951868602,V1 upper quartile,V1,bottom,0,Baseline + DC ring,9,9,5.1111,3.3333,900,False,False,False,component intact,True,False,5.0435694,5.1105989,3.2886147,1.4761541,1.6481358,2.721758,0.84411355,16.481358,14.761541,1,0,0,1
951868602,V1 upper quartile,V1,bottom,1,Allen no baseline,8,9,5.1111,3.3333,900,False,False,False,component intact,True,False,0,4.9470451,3.3071445,2.3807711,2.3227982,,,23.807711,23.227982,0.96734279,0.04790087,0.48511901,1
951868602,V1 upper quartile,V1,bottom,1,Baseline screen-bounded,8,9,5.1111,3.3333,900,False,False,False,component intact,True,False,4.9853639,5.1079034,3.2908401,1.487819,1.6698481,2.7915136,,16.698481,14.87819,1.0050367,0.0072482194,0.031838364,1
951868602,V1 upper quartile,V1,bottom,1,Baseline extended,8,9,5.1111,3.3333,900,False,False,False,component intact,True,False,4.9853704,5.1079018,3.2908396,1.4878184,1.6698453,2.7915136,,16.698453,14.878184,1.005038,0.0072500603,0.031841038,1
951868602,V1 upper quartile,V1,bottom,1,Baseline + DC ring,8,9,5.1111,3.3333,900,False,False,False,component intact,True,False,5.0511508,5.1100697,3.2916093,1.4740581,1.6544264,2.7919209,0.85237947,16.544264,14.740581,1.0038168,0.0054959771,0.030409995,1
951868602,V1 upper quartile,V1,bottom,2,Allen no baseline,7,9,5.1111,3.3333,900,False,False,False,component intact,True,False,0,4.9602957,3.2212257,2.3423874,2.1468957,,,23.423874,21.468957,0.95174696,0.071350032,1.353399,1
951868602,V1 upper quartile,V1,bottom,2,Baseline screen-bounded,7,9,5.1111,3.3333,900,False,False,False,component intact,True,False,4.9036827,5.1090951,3.2731863,1.5038513,1.6456945,2.888455,,16.456945,15.038513,0.99049933,0.013772098,0.14625991,1
951868602,V1 upper quartile,V1,bottom,2,Baseline extended,7,9,5.1111,3.3333,900,False,False,False,component intact,True,False,4.9036492,5.1090967,3.273188,1.5038566,1.6457051,2.888455,,16.457051,15.038566,0.99050863,0.013758557,0.14623543,1
951868602,V1 upper quartile,V1,bottom,2,Baseline + DC ring,7,9,5.1111,3.3333,900,False,False,False,component intact,True,False,4.9811597,5.1115022,3.2749072,1.4880099,1.6312049,2.888909,0.83253579,16.312049,14.880099,0.98972726,0.014897083,0.1373715,1
951868602,V1 upper quartile,V1,bottom,3,Allen no baseline,6,9,5.2,3.5,1000,True,False,False,component intact,True,False,0,4.9808435,3.2811035,2.3030947,2.2223086,,,23.030947,22.223086,0.93578174,0.095756023,0.83213608,1.1111111
951868602,V1 upper quartile,V1,bottom,3,Baseline screen-bounded,6,9,5.2,3.5,1000,True,False,False,component intact,True,False,5.2352142,5.1323982,3.3638231,1.4479074,1.7263604,3.0152712,,17.263604,14.479074,1.0390499,0.055264987,0.79566551,1.1111111
951868602,V1 upper quartile,V1,bottom,3,Baseline extended,6,9,5.2,3.5,1000,True,False,False,component intact,True,False,5.2351841,5.1323995,3.363825,1.447911,1.7263753,3.0152712,,17.263753,14.47911,1.039062,0.05528172,0.79569887,1.1111111
951868602,V1 upper quartile,V1,bottom,3,Baseline + DC ring,6,9,5.2,3.5,1000,True,False,False,component intact,True,False,5.3261646,5.1349871,3.3620222,1.4320419,1.70238,3.016032,0.90978134,17.0238,14.320419,1.0329124,0.046717966,0.77352799,1.1111111
951868602,V1 upper quartile,V1,bottom,4,Allen no baseline,5,9,5,3.2857,700,True,True,False,component censored; peak retained,True,False,0,4.9621947,3.3448857,2.297784,2.2794438,,,22.97784,22.794438,0.93362391,0.099086589,0.21395663,0.77777778
951868602,V1 upper quartile,V1,bottom,4,Baseline screen-bounded,5,9,5,3.2857,700,True,True,False,component censored; peak retained,True,False,4.7461153,5.0892902,3.3432955,1.582697,1.7502895,2.8312267,,17.502895,15.82697,1.0534522,0.075124859,0.58842489,0.77777778
951868602,V1 upper quartile,V1,bottom,4,Baseline extended,5,9,5,3.2857,700,True,True,False,component censored; peak retained,True,False,4.7461715,5.0892883,3.3432827,1.5826889,1.7502618,2.8312267,,17.502618,15.826889,1.0534387,0.075106383,0.58831342,0.77777778
951868602,V1 upper quartile,V1,bottom,4,Baseline + DC ring,5,9,5,3.2857,700,True,True,False,component censored; peak retained,True,False,4.9054789,5.0933973,3.3018507,1.5549801,1.6877592,2.8339933,1.0277281,16.877592,15.549801,1.0240413,0.034273935,0.2170462,0.77777778
951868602,V1 upper quartile,V1,left,0,Allen no baseline,9,9,5.1111,3.3333,900,False,False,False,component intact,True,False,0,4.9436385,3.3555366,2.4362766,2.4611452,,,24.611452,24.362766,1,0,0,1
951868602,V1 upper quartile,V1,left,0,Baseline screen-bounded,9,9,5.1111,3.3333,900,False,False,False,component intact,True,False,4.9947726,5.1088831,3.2878107,1.487704,1.6614797,2.7214474,,16.614797,14.87704,1,0,0,1
951868602,V1 upper quartile,V1,left,0,Baseline extended,9,9,5.1111,3.3333,900,False,False,False,component intact,True,False,4.9947849,5.1088817,3.28781,1.4877017,1.6614748,2.7214474,,16.614748,14.877017,1,0,0,1
951868602,V1 upper quartile,V1,left,0,Baseline + DC ring,9,9,5.1111,3.3333,900,False,False,False,component intact,True,False,5.0435694,5.1105989,3.2886147,1.4761541,1.6481358,2.721758,0.84411355,16.481358,14.761541,1,0,0,1
951868602,V1 upper quartile,V1,left,1,Allen no baseline,9,8,5.1111,3.3333,900,False,False,False,component intact,True,False,0,4.9966062,3.3532952,2.2452636,2.4127166,,,24.127166,22.452636,0.98032274,0.028671302,0.53015142,1
951868602,V1 upper quartile,V1,left,1,Baseline screen-bounded,9,8,5.1111,3.3333,900,False,False,False,component intact,True,False,4.7990037,5.1041629,3.2879289,1.5145355,1.6831548,2.8310423,,16.831548,15.145355,1.0130456,0.018699166,0.047216964,1
951868602,V1 upper quartile,V1,left,1,Baseline extended,9,8,5.1111,3.3333,900,False,False,False,component intact,True,False,4.7990101,5.1041609,3.2879283,1.5145357,1.6831513,2.8310423,,16.831513,15.145357,1.0130466,0.018700504,0.047222448,1
951868602,V1 upper quartile,V1,left,1,Baseline + DC ring,9,8,5.1111,3.3333,900,False,False,False,component intact,True,False,4.8829131,5.1067806,3.2886806,1.4973865,1.664739,2.8315853,0.91053117,16.64739,14.973865,1.0100739,0.014460889,0.038188421,1
951868602,V1 upper quartile,V1,left,2,Allen no baseline,9,7,5.1111,3.3333,900,False,False,False,component intact,True,False,0,5.0455697,3.3533154,2.116944,2.3646131,,,23.646131,21.16944,0.96077759,0.0577256,1.0195543,1
951868602,V1 upper quartile,V1,left,2,Baseline screen-bounded,9,7,5.1111,3.3333,900,False,False,False,component intact,True,False,4.6391198,5.0984488,3.2885853,1.5408515,1.6996638,2.9730465,,16.996638,15.408515,1.022982,0.032780766,0.10462991,1
951868602,V1 upper quartile,V1,left,2,Baseline extended,9,7,5.1111,3.3333,900,False,False,False,component intact,True,False,4.639107,5.0984476,3.2885853,1.5408551,1.6996651,2.9730465,,16.996651,15.408551,1.0229858,0.032786149,0.10462823,1
951868602,V1 upper quartile,V1,left,2,Baseline + DC ring,9,7,5.1111,3.3333,900,False,False,False,component intact,True,False,4.7786355,5.101964,3.2890897,1.5164446,1.6742028,2.9739559,0.95954142,16.742028,15.164446,1.015816,0.022639141,0.086479526,1
951868602,V1 upper quartile,V1,left,3,Allen no baseline,9,6,5.1111,3.3333,900,False,False,False,component intact,True,False,0,5.1529234,3.3626518,1.9130083,2.3396593,,,23.396593,19.130083,0.95063849,0.073031282,2.094058,1
951868602,V1 upper quartile,V1,left,3,Baseline screen-bounded,9,6,5.1111,3.3333,900,False,False,False,component intact,True,False,4.5618672,5.148628,3.2950275,1.4520275,1.7194426,3.0231711,,17.194426,14.520275,1.0348863,0.049472268,0.4039481,1
951868602,V1 upper quartile,V1,left,3,Baseline extended,9,6,5.1111,3.3333,900,False,False,False,component intact,True,False,4.5618223,5.148629,3.2950279,1.4520332,1.719452,3.0231711,,17.19452,14.520332,1.034895,0.049484416,0.40397331,1
951868602,V1 upper quartile,V1,left,3,Baseline + DC ring,9,6,5.1111,3.3333,900,False,False,False,component intact,True,False,4.7017304,5.1493801,3.2950383,1.4339292,1.6934949,3.0240458,0.90696304,16.934949,14.339292,1.0275215,0.039168535,0.39309602,1
951868602,V1 upper quartile,V1,left,4,Allen no baseline,9,5,5,3.2,1000,True,False,False,component intact,True,False,0,5.2968722,3.3424684,1.7124956,2.3196256,,,23.196256,17.124956,0.94249847,0.085437823,3.5347535,1.1111111
951868602,V1 upper quartile,V1,left,4,Baseline screen-bounded,9,5,5,3.2,1000,True,False,False,component intact,True,False,4.7156612,5.2670889,3.2908622,1.2561878,1.7222042,2.9843794,,17.222042,12.561878,1.0365484,0.051787548,1.5823528,1.1111111
951868602,V1 upper quartile,V1,left,4,Baseline extended,9,5,5,3.2,1000,True,False,False,component intact,True,False,4.7156791,5.2670888,3.2908617,1.256186,1.7222001,2.9843794,,17.222001,12.56186,1.0365491,0.051788427,1.5823656,1.1111111
951868602,V1 upper quartile,V1,left,4,Baseline + DC ring,9,5,5,3.2,1000,True,False,False,component intact,True,False,4.8205784,5.2660661,3.290099,1.245554,1.7015013,2.985016,0.79699117,17.015013,12.45554,1.0323793,0.045973131,1.5547433,1.1111111
951868602,V1 upper quartile,V1,right,0,Allen no baseline,9,9,5.1111,3.3333,900,False,False,False,component intact,True,False,0,4.9436385,3.3555366,2.4362766,2.4611452,,,24.611452,24.362766,1,0,0,1
951868602,V1 upper quartile,V1,right,0,Baseline screen-bounded,9,9,5.1111,3.3333,900,False,False,False,component intact,True,False,4.9947726,5.1088831,3.2878107,1.487704,1.6614797,2.7214474,,16.614797,14.87704,1,0,0,1
951868602,V1 upper quartile,V1,right,0,Baseline extended,9,9,5.1111,3.3333,900,False,False,False,component intact,True,False,4.9947849,5.1088817,3.28781,1.4877017,1.6614748,2.7214474,,16.614748,14.877017,1,0,0,1
951868602,V1 upper quartile,V1,right,0,Baseline + DC ring,9,9,5.1111,3.3333,900,False,False,False,component intact,True,False,5.0435694,5.1105989,3.2886147,1.4761541,1.6481358,2.721758,0.84411355,16.481358,14.761541,1,0,0,1
951868602,V1 upper quartile,V1,right,1,Allen no baseline,9,8,5.3,3.3,1000,True,False,False,component intact,True,False,0,5.0025649,3.36497,2.5080492,2.3875395,,,25.080492,23.875395,1.0190578,0.027235909,0.59676703,1.1111111
951868602,V1 upper quartile,V1,right,1,Baseline screen-bounded,9,8,5.3,3.3,1000,True,False,False,component intact,True,False,4.8608511,5.1108823,3.2963796,1.5199099,1.6694506,2.8174671,,16.694506,15.199099,1.0047975,0.0069047426,0.087989835,1.1111111
951868602,V1 upper quartile,V1,right,1,Baseline extended,9,8,5.3,3.3,1000,True,False,False,component intact,True,False,4.8608617,5.110881,3.2963792,1.5199076,1.6694466,2.8174671,,16.694466,15.199076,1.004798,0.0069055604,0.087993469,1.1111111
951868602,V1 upper quartile,V1,right,1,Baseline + DC ring,9,8,5.3,3.3,1000,True,False,False,component intact,True,False,4.9247866,5.1139276,3.2965048,1.5032973,1.6541576,2.8179621,0.9212044,16.541576,15.032973,1.0036537,0.005261536,0.085635744,1.1111111
951868602,V1 upper quartile,V1,right,2,Allen no baseline,9,7,5.125,3.125,800,True,False,False,component intact,True,False,0,6.5845789,3.3418488,3.6481303,2.420388,,,36.481303,24.20388,1.4822897,0.56782748,16.409975,0.88888889
951868602,V1 upper quartile,V1,right,2,Baseline screen-bounded,9,7,5.125,3.125,800,True,False,False,component intact,True,False,4.8170646,5.3652112,3.289923,1.7839355,1.7030187,2.8466161,,17.839355,17.030187,1.0737029,0.10259481,2.5633676,0.88888889
951868602,V1 upper quartile,V1,right,2,Baseline extended,9,7,5.125,3.125,800,True,False,False,component intact,True,False,4.8171307,5.3652047,3.2899184,1.7839211,1.7029927,2.8466161,,17.839211,17.029927,1.0736974,0.10258744,2.5633171,0.88888889
951868602,V1 upper quartile,V1,right,2,Baseline + DC ring,9,7,5.125,3.125,800,True,False,False,component intact,True,False,4.983571,5.2962346,3.29026,1.6805085,1.6733278,2.8507103,1.291761,16.805085,16.733278,1.019642,0.028062692,1.85643,0.88888889
951868602,V1 upper quartile,V1,right,3,Allen no baseline,9,6,4.6667,3.5,600,True,True,True,original peak removed,False,False,0,76.555332,3.4303399,15.786984,2.5100624,,,157.86984,25.100624,6.414487,2.6813339,716.11733,0.66666667
951868602,V1 upper quartile,V1,right,3,Baseline screen-bounded,9,6,4.6667,3.5,600,True,True,True,original peak removed,True,True,4.899897,5,3.4164751,1.5460131,1.7065766,2.7382058,,17.065766,15.460131,1.0271426,0.038636459,1.6855279,0.66666667
951868602,V1 upper quartile,V1,right,3,Baseline extended,9,6,4.6667,3.5,600,True,True,True,original peak removed,True,True,4.5557552,7,3.412195,2.5145161,1.7675242,2.5986038,,25.145161,17.675242,1.5134242,0.59781639,18.952045,0.66666667
951868602,V1 upper quartile,V1,right,3,Baseline + DC ring,9,6,4.6667,3.5,600,True,True,True,original peak removed,True,False,5.0414373,5.3331759,3.4231785,1.6593532,1.6756718,2.6779883,1.6556252,16.756718,16.593532,1.0167074,0.023904477,2.6009219,0.66666667
951868602,V1 upper quartile,V1,right,4,Allen no baseline,9,5,3.75,3,400,True,True,True,original peak removed,False,False,0,68.164086,3.5275488,16.167911,2.8469218,,,161.67911,28.469218,6.5692634,2.7157316,632.20682,0.44444444
951868602,V1 upper quartile,V1,right,4,Baseline screen-bounded,9,5,3.75,3,400,True,True,True,original peak removed,True,True,5.1116422,4,3.2593682,1.2756788,1.3703344,2.2153137,,13.703344,12.756788,0.82476744,0.27794071,11.092478,0.44444444
951868602,V1 upper quartile,V1,right,4,Baseline extended,9,5,3.75,3,400,True,True,True,original peak removed,True,False,5.1043365,4.093243,3.2600827,1.3322942,1.3706521,2.2144013,,13.706521,13.322942,0.82496112,0.27760197,10.160171,0.44444444
951868602,V1 upper quartile,V1,right,4,Baseline + DC ring,9,5,3.75,3,400,True,True,True,original peak removed,True,False,5.1168673,4.0640707,3.2580035,1.3109316,1.3657805,2.2145087,0.22775421,13.657805,13.109316,0.82868198,0.27110954,10.469758,0.44444444
951879810,HVA typical,HVA,top,0,Allen no baseline,9,9,3.5,2.5,400,False,False,False,component intact,True,False,0,3.4015147,2.618424,1.1309895,0.76586152,,,11.309895,7.6586152,1,0,0,1
951879810,HVA typical,HVA,top,0,Baseline screen-bounded,9,9,3.5,2.5,400,False,False,False,component intact,True,False,0.32727403,3.4102495,2.6162708,1.0987495,0.74215586,1.2483152,,10.987495,7.4215586,1,0,0,1
951879810,HVA typical,HVA,top,0,Baseline extended,9,9,3.5,2.5,400,False,False,False,component intact,True,False,0.32727413,3.4102495,2.6162708,1.0987494,0.74215583,1.2483152,,10.987494,7.4215583,1,0,0,1
951879810,HVA typical,HVA,top,0,Baseline + DC ring,9,9,3.5,2.5,400,False,False,False,component intact,True,False,0.32727414,3.4102495,2.6162708,1.0987494,0.74215583,1.2483152,0.00032883822,10.987494,7.4215583,1,0,0,1
951879810,HVA typical,HVA,top,1,Allen no baseline,8,9,3.5,2.5,400,False,False,False,component intact,True,False,0,3.4017991,2.6185439,1.1306248,0.76446798,,,11.306248,7.6446798,0.99967757,0.0004652384,0.0030861272,1
951879810,HVA typical,HVA,top,1,Baseline screen-bounded,8,9,3.5,2.5,400,False,False,False,component intact,True,False,0.27022727,3.4088891,2.6167151,1.104038,0.74559484,1.2969801,,11.04038,7.4559484,1.0048132,0.0069273863,0.014312046,1
951879810,HVA typical,HVA,top,1,Baseline extended,8,9,3.5,2.5,400,False,False,False,component intact,True,False,0.2702274,3.408889,2.6167151,1.104038,0.7455948,1.2969801,,11.04038,7.455948,1.0048133,0.0069273957,0.014312205,1
951879810,HVA typical,HVA,top,1,Baseline + DC ring,8,9,3.5,2.5,400,False,False,False,component intact,True,False,0.27022741,3.408889,2.6167151,1.1040379,0.7455948,1.2969801,0.00036403692,11.040379,7.455948,1.0048132,0.0069273931,0.014312204,1
951879810,HVA typical,HVA,top,2,Allen no baseline,7,9,3.5,2.5,400,True,False,False,component intact,True,False,0,3.4096461,2.601513,1.1255525,0.81137171,,,11.255525,8.1137171,0.99519274,0.0069521346,0.18764372,1
951879810,HVA typical,HVA,top,2,Baseline screen-bounded,7,9,3.5,2.5,400,True,False,False,component intact,True,False,0.27051613,3.4154079,2.6014713,1.1008399,0.79323041,1.2555309,,11.008399,7.9323041,1.0019026,0.0027421982,0.15672703,1
951879810,HVA typical,HVA,top,2,Baseline extended,7,9,3.5,2.5,400,True,False,False,component intact,True,False,0.27050725,3.4154034,2.6014691,1.1008467,0.79323275,1.2555309,,11.008467,7.9323275,1.0019088,0.002751146,0.15673312,1
951879810,HVA typical,HVA,top,2,Baseline + DC ring,7,9,3.5,2.5,400,True,False,False,component intact,True,False,0.27050725,3.4154034,2.6014691,1.1008466,0.79323276,1.2555309,0.00035043992,11.008466,7.9323276,1.0019088,0.0027511482,0.15673311,1
951879810,HVA typical,HVA,top,3,Allen no baseline,6,9,3.5,3,200,True,True,False,component censored; peak retained,True,False,0,3.5268632,3.2799837,0.98310115,0.39800962,,,9.8310115,3.9800962,0.86923989,0.20217371,6.7333008,0.5
951879810,HVA typical,HVA,top,3,Baseline screen-bounded,6,9,3.5,3,200,True,True,False,component censored; peak retained,True,True,0.35685192,3.529931,3.3212769,0.95427892,0.35000002,0.69987223,,9.5427892,3.5000002,0.86851366,0.20337956,7.1509252,0.5
951879810,HVA typical,HVA,top,3,Baseline extended,6,9,3.5,3,200,True,True,False,component censored; peak retained,True,True,0.35685208,3.5299311,3.3212769,0.95427876,0.35,0.69987223,,9.5427876,3.5,0.86851357,0.20337971,7.1509251,0.5
951879810,HVA typical,HVA,top,3,Baseline + DC ring,6,9,3.5,3,200,True,True,False,component censored; peak retained,True,True,0.35685209,3.5299311,3.3212769,0.95427875,0.35000001,0.69987223,8.0156369e-06,9.5427875,3.5000001,0.86851357,0.20337971,7.150925,0.5
951879810,HVA typical,HVA,top,4,Allen no baseline,5,9,3,4,300,True,True,True,original peak removed,True,False,0,-6.5599168,18.420682,0.57673995,3.9926952,,,39.926952,5.7673995,3.5302674,1.8197775,186.79975,0.75
951879810,HVA typical,HVA,top,4,Baseline screen-bounded,5,9,3,4,300,True,True,True,original peak removed,True,True,0.2208663,3.2771612,4,1.5298701,0.35,0.57296845,,15.298701,3.5,1.3923739,0.4775467,13.901148,0.75
951879810,HVA typical,HVA,top,4,Baseline extended,5,9,3,4,300,True,True,True,original peak removed,True,True,0.22873517,3.2782048,3.294662,1.5263529,0.35000186,0.57017413,,15.263529,3.5000186,1.3891729,0.4742262,6.9112255,0.75
951879810,HVA typical,HVA,top,4,Baseline + DC ring,5,9,3,4,300,True,True,True,original peak removed,True,True,0.2287494,3.278153,3.3874325,1.5260835,0.35000174,0.57018307,0.012244209,15.260835,3.5000174,1.3889277,0.47397155,7.8239364,0.75
951879810,HVA typical,HVA,bottom,0,Allen no baseline,9,9,3.5,2.5,400,False,False,False,component intact,True,False,0,3.4015147,2.618424,1.1309895,0.76586152,,,11.309895,7.6586152,1,0,0,1
951879810,HVA typical,HVA,bottom,0,Baseline screen-bounded,9,9,3.5,2.5,400,False,False,False,component intact,True,False,0.32727403,3.4102495,2.6162708,1.0987495,0.74215586,1.2483152,,10.987495,7.4215586,1,0,0,1
951879810,HVA typical,HVA,bottom,0,Baseline extended,9,9,3.5,2.5,400,False,False,False,component intact,True,False,0.32727413,3.4102495,2.6162708,1.0987494,0.74215583,1.2483152,,10.987494,7.4215583,1,0,0,1
951879810,HVA typical,HVA,bottom,0,Baseline + DC ring,9,9,3.5,2.5,400,False,False,False,component intact,True,False,0.32727414,3.4102495,2.6162708,1.0987494,0.74215583,1.2483152,0.00032883822,10.987494,7.4215583,1,0,0,1
951879810,HVA typical,HVA,bottom,1,Allen no baseline,8,9,3.5,2.5,400,False,False,False,component intact,True,False,0,3.4015137,2.6184232,1.1309922,0.76586222,,,11.309922,7.6586222,1.0000024,3.5174351e-06,1.3299866e-05,1
951879810,HVA typical,HVA,bottom,1,Baseline screen-bounded,8,9,3.5,2.5,400,False,False,False,component intact,True,False,0.36633405,3.4112777,2.6159776,1.0950509,0.73936833,1.3167514,,10.950509,7.3936833,0.99663388,0.0048644694,0.010691327,1
951879810,HVA typical,HVA,bottom,1,Baseline extended,8,9,3.5,2.5,400,False,False,False,component intact,True,False,0.36633419,3.4112777,2.6159776,1.0950509,0.73936829,1.3167514,,10.950509,7.3936829,0.99663387,0.00486449,0.010691284,1
951879810,HVA typical,HVA,bottom,1,Baseline + DC ring,8,9,3.5,2.5,400,False,False,False,component intact,True,False,0.3663342,3.4112777,2.6159776,1.0950509,0.73936829,1.3167514,0.00030589974,10.950509,7.3936829,0.99663388,0.004864481,0.01069128,1
951879810,HVA typical,HVA,bottom,2,Allen no baseline,7,9,3.5,2.5,400,False,False,False,component intact,True,False,0,3.4015118,2.6184225,1.130995,0.76586244,,,11.30995,7.6586244,1.0000049,7.1081362e-06,3.2817329e-05,1
951879810,HVA typical,HVA,bottom,2,Baseline screen-bounded,7,9,3.5,2.5,400,False,False,False,component intact,True,False,0.32459389,3.4101784,2.6162904,1.0990049,0.74234747,1.3813991,,10.990049,7.4234747,1.0002325,0.00033533245,0.00073853298,1
951879810,HVA typical,HVA,bottom,2,Baseline extended,7,9,3.5,2.5,400,False,False,False,component intact,True,False,0.32459405,3.4101783,2.6162905,1.0990048,0.74234743,1.3813991,,10.990048,7.4234743,1.0002325,0.0003353294,0.00073875438,1
951879810,HVA typical,HVA,bottom,2,Baseline + DC ring,7,9,3.5,2.5,400,False,False,False,component intact,True,False,0.32459406,3.4101783,2.6162905,1.0990048,0.74234743,1.3813991,0.00033047533,10.990048,7.4234743,1.0002325,0.00033533148,0.00073875118,1
951879810,HVA typical,HVA,bottom,3,Allen no baseline,6,9,3.5,2.5,400,False,False,False,component intact,True,False,0,3.4015114,2.6184227,1.1309957,0.7658622,,,11.309957,7.658622,1.0000055,7.9576228e-06,3.5694431e-05,1
951879810,HVA typical,HVA,bottom,3,Baseline screen-bounded,6,9,3.5,2.5,400,False,False,False,component intact,True,False,0.38494104,3.4117645,2.6158415,1.0933019,0.73806041,1.4832638,,10.933019,7.3806041,0.995042,0.0071706664,0.015746373,1
951879810,HVA typical,HVA,bottom,3,Baseline extended,6,9,3.5,2.5,400,False,False,False,component intact,True,False,0.38494127,3.4117644,2.6158415,1.0933018,0.73806034,1.4832638,,10.933018,7.3806034,0.995042,0.0071706728,0.015745631,1
951879810,HVA typical,HVA,bottom,3,Baseline + DC ring,6,9,3.5,2.5,400,False,False,False,component intact,True,False,0.38494128,3.4117644,2.6158415,1.0933018,0.73806034,1.4832638,0.00029554118,10.933018,7.3806034,0.995042,0.0071706659,0.015745641,1
951879810,HVA typical,HVA,bottom,4,Allen no baseline,5,9,3.5,3,600,True,False,False,component intact,True,False,0,3.4014804,2.618783,1.1310439,0.7667092,,,11.310439,7.667092,1.0000481,6.9431862e-05,0.0036061297,1.5
951879810,HVA typical,HVA,bottom,4,Baseline screen-bounded,5,9,3.5,3,600,True,False,False,component intact,True,False,0.49639371,3.4145484,2.6160468,1.0831884,0.73267189,1.6096442,,10.831884,7.3267189,0.98583752,0.020578208,0.043046962,1.5
951879810,HVA typical,HVA,bottom,4,Baseline extended,5,9,3.5,3,600,True,False,False,component intact,True,False,0.49639399,3.4145485,2.6160468,1.0831883,0.73267186,1.6096442,,10.831883,7.3267186,0.98583747,0.020578279,0.043047985,1.5
951879810,HVA typical,HVA,bottom,4,Baseline + DC ring,5,9,3.5,3,600,True,False,False,component intact,True,False,0.496394,3.4145485,2.6160468,1.0831883,0.73267186,1.6096442,0.00026756974,10.831883,7.3267186,0.98583747,0.020578277,0.043048022,1.5
951879810,HVA typical,HVA,left,0,Allen no baseline,9,9,3.5,2.5,400,False,False,False,component intact,True,False,0,3.4015147,2.618424,1.1309895,0.76586152,,,11.309895,7.6586152,1,0,0,1
951879810,HVA typical,HVA,left,0,Baseline screen-bounded,9,9,3.5,2.5,400,False,False,False,component intact,True,False,0.32727403,3.4102495,2.6162708,1.0987495,0.74215586,1.2483152,,10.987495,7.4215586,1,0,0,1
951879810,HVA typical,HVA,left,0,Baseline extended,9,9,3.5,2.5,400,False,False,False,component intact,True,False,0.32727413,3.4102495,2.6162708,1.0987494,0.74215583,1.2483152,,10.987494,7.4215583,1,0,0,1
951879810,HVA typical,HVA,left,0,Baseline + DC ring,9,9,3.5,2.5,400,False,False,False,component intact,True,False,0.32727414,3.4102495,2.6162708,1.0987494,0.74215583,1.2483152,0.00032883822,10.987494,7.4215583,1,0,0,1
951879810,HVA typical,HVA,left,1,Allen no baseline,9,8,3.5,2.5,400,False,False,False,component intact,True,False,0,3.4008159,2.6183232,1.1323211,0.76592432,,,11.323211,7.6592432,1.0011774,0.0016976218,0.007061023,1
951879810,HVA typical,HVA,left,1,Baseline screen-bounded,9,8,3.5,2.5,400,False,False,False,component intact,True,False,0.31074702,3.4085095,2.6162226,1.1027797,0.74353949,1.2992425,,11.027797,7.4353949,1.0036681,0.0052822155,0.017407505,1
951879810,HVA typical,HVA,left,1,Baseline extended,9,8,3.5,2.5,400,False,False,False,component intact,True,False,0.31074707,3.4085093,2.6162226,1.1027797,0.74353946,1.2992425,,11.027797,7.4353946,1.0036681,0.0052822992,0.017409087,1
951879810,HVA typical,HVA,left,1,Baseline + DC ring,9,8,3.5,2.5,400,False,False,False,component intact,True,False,0.31074707,3.4085093,2.6162226,1.1027797,0.74353946,1.2992425,0.00035508732,11.027797,7.4353946,1.0036681,0.0052823031,0.017409108,1
951879810,HVA typical,HVA,left,2,Allen no baseline,9,7,3,2.5,600,True,False,False,component intact,True,False,0,3.4394088,2.6238636,1.0720213,0.75689422,,,10.720213,7.5689422,0.94786142,0.077251954,0.38282446,1.5
951879810,HVA typical,HVA,left,2,Baseline screen-bounded,9,7,3,2.5,600,True,False,False,component intact,True,False,0.23264225,3.4414076,2.6218894,1.0561442,0.74160515,1.2722037,,10.561442,7.4160515,0.96122384,0.057055658,0.31660576,1.5
951879810,HVA typical,HVA,left,2,Baseline extended,9,7,3,2.5,600,True,False,False,component intact,True,False,0.23264164,3.441408,2.6218893,1.0561447,0.74160521,1.2722037,,10.561447,7.4160521,0.96122438,0.057054847,0.31660985,1.5
951879810,HVA typical,HVA,left,2,Baseline + DC ring,9,7,3,2.5,600,True,False,False,component intact,True,False,0.23264169,3.441408,2.6218893,1.0561447,0.74160521,1.2722037,0.00059375516,10.561447,7.4160521,0.96122434,0.057054913,0.31660972,1.5
951879810,HVA typical,HVA,left,3,Allen no baseline,9,6,3.3333,2.6667,300,True,False,False,component intact,True,False,0,3.6013545,2.6606168,0.86200473,0.72953552,,,8.6200473,7.2953552,0.76216867,0.39181778,2.0424536,0.75
951879810,HVA typical,HVA,left,3,Baseline screen-bounded,9,6,3.3333,2.6667,300,True,False,False,component intact,True,False,0.22538165,3.600468,2.6575484,0.84897467,0.71750815,0.66328512,,8.4897467,7.1750815,0.77267357,0.37206905,1.9464557,0.75
951879810,HVA typical,HVA,left,3,Baseline extended,9,6,3.3333,2.6667,300,True,False,False,component intact,True,False,0.22537863,3.6004678,2.6575476,0.84897494,0.71751013,0.66328512,,8.4897494,7.1751013,0.77267386,0.3720685,1.9464529,0.75
951879810,HVA typical,HVA,left,3,Baseline + DC ring,9,6,3.3333,2.6667,300,True,False,False,component intact,True,False,0.22537862,3.6004678,2.6575476,0.84897494,0.71751013,0.66328512,1.4212986e-06,8.4897494,7.1751013,0.77267387,0.37206849,1.9464528,0.75
951879810,HVA typical,HVA,left,4,Allen no baseline,9,5,4,2.5,200,True,True,False,component censored; peak retained,True,False,0,3.3808839,2.636742,0.95839602,0.72095667,,,9.5839602,7.2095667,0.84739608,0.23889164,0.27589495,0.5
951879810,HVA typical,HVA,left,4,Baseline screen-bounded,9,5,4,2.5,200,True,True,False,component censored; peak retained,True,True,0.23710922,4,2.6325254,0.63318918,0.70768736,0.67335873,,7.0768736,6.3318918,0.64408437,0.6346784,5.8997442,0.5
951879810,HVA typical,HVA,left,4,Baseline extended,9,5,4,2.5,200,True,True,False,component censored; peak retained,True,False,0.22774912,3.77288,2.6327474,0.76319048,0.70807357,0.67254787,,7.6319048,7.0807357,0.69459923,0.52574729,3.6300459,0.5
951879810,HVA typical,HVA,left,4,Baseline + DC ring,9,5,4,2.5,200,True,True,False,component censored; peak retained,True,False,0.22774912,3.77288,2.6327474,0.76319044,0.70807358,0.67254787,3.0502575e-08,7.6319044,7.0807358,0.69459919,0.52574736,3.6300467,0.5
951879810,HVA typical,HVA,right,0,Allen no baseline,9,9,3.5,2.5,400,False,False,False,component intact,True,False,0,3.4015147,2.618424,1.1309895,0.76586152,,,11.309895,7.6586152,1,0,0,1
951879810,HVA typical,HVA,right,0,Baseline screen-bounded,9,9,3.5,2.5,400,False,False,False,component intact,True,False,0.32727403,3.4102495,2.6162708,1.0987495,0.74215586,1.2483152,,10.987495,7.4215586,1,0,0,1
951879810,HVA typical,HVA,right,0,Baseline extended,9,9,3.5,2.5,400,False,False,False,component intact,True,False,0.32727413,3.4102495,2.6162708,1.0987494,0.74215583,1.2483152,,10.987494,7.4215583,1,0,0,1
951879810,HVA typical,HVA,right,0,Baseline + DC ring,9,9,3.5,2.5,400,False,False,False,component intact,True,False,0.32727414,3.4102495,2.6162708,1.0987494,0.74215583,1.2483152,0.00032883822,10.987494,7.4215583,1,0,0,1
951879810,HVA typical,HVA,right,1,Allen no baseline,9,8,3.5,2.5,400,False,False,False,component intact,True,False,0,3.4015126,2.6184236,1.1309932,0.76586162,,,11.309932,7.6586162,1.0000034,4.8371807e-06,2.2118768e-05,1
951879810,HVA typical,HVA,right,1,Baseline screen-bounded,9,8,3.5,2.5,400,False,False,False,component intact,True,False,0.34634996,3.4107527,2.6161264,1.0969965,0.74079759,1.3152062,,10.969965,7.4079759,0.99840462,0.0023034777,0.0052345196,1
951879810,HVA typical,HVA,right,1,Baseline extended,9,8,3.5,2.5,400,False,False,False,component intact,True,False,0.3463501,3.4107527,2.6161264,1.0969965,0.74079755,1.3152062,,10.969965,7.4079755,0.99840461,0.0023035045,0.0052346477,1
951879810,HVA typical,HVA,right,1,Baseline + DC ring,9,8,3.5,2.5,400,False,False,False,component intact,True,False,0.34635011,3.4107527,2.6161264,1.0969965,0.74079755,1.3152062,0.00031775591,10.969965,7.4079755,0.99840461,0.0023034998,0.0052346377,1
951879810,HVA typical,HVA,right,2,Allen no baseline,9,7,3.5,2.5,400,False,False,False,component intact,True,False,0,3.4012793,2.6183154,1.1289689,0.76558826,,,11.289689,7.6558826,0.99821349,0.0025796904,0.002592399,1
951879810,HVA typical,HVA,right,2,Baseline screen-bounded,9,7,3.5,2.5,400,False,False,False,component intact,True,False,0.35611822,3.4109398,2.6159494,1.095471,0.73997959,1.3839396,,10.95471,7.3997959,0.99701616,0.0043112041,0.0076134893,1
951879810,HVA typical,HVA,right,2,Baseline extended,9,7,3.5,2.5,400,False,False,False,component intact,True,False,0.35611841,3.4109398,2.6159494,1.0954709,0.73997954,1.3839396,,10.954709,7.3997954,0.99701614,0.0043112393,0.0076139069,1
951879810,HVA typical,HVA,right,2,Baseline + DC ring,9,7,3.5,2.5,400,False,False,False,component intact,True,False,0.35611841,3.4109398,2.6159494,1.0954709,0.73997954,1.3839396,0.00030877299,10.954709,7.3997954,0.99701614,0.0043112348,0.0076138799,1
951879810,HVA typical,HVA,right,3,Allen no baseline,9,6,3.8,2.6,500,True,False,False,component intact,True,False,0,3.4072754,2.6171605,1.1503807,0.76685879,,,11.503807,7.6685879,1.0171454,0.024525905,0.058976326,1.25
951879810,HVA typical,HVA,right,3,Baseline screen-bounded,9,6,3.8,2.6,500,True,False,False,component intact,True,False,0.46863769,3.4199324,2.6139532,1.1083781,0.73374586,1.4634341,,11.083781,7.3374586,1.0087633,0.012587639,0.099563044,1.25
951879810,HVA typical,HVA,right,3,Baseline extended,9,6,3.8,2.6,500,True,False,False,component intact,True,False,0.46863797,3.4199324,2.6139533,1.108378,0.73374579,1.4634341,,11.08378,7.3374579,1.0087632,0.012587576,0.099564173,1.25
951879810,HVA typical,HVA,right,3,Baseline + DC ring,9,6,3.8,2.6,500,True,False,False,component intact,True,False,0.46863815,3.4199325,2.6139533,1.1083778,0.73374577,1.4634341,0.0010469886,11.083778,7.3374577,1.0087631,0.012587422,0.099564533,1.25
951879810,HVA typical,HVA,right,4,Allen no baseline,9,5,3.5,2.5,400,True,False,False,component intact,True,False,0,3.8051126,2.6026849,1.5180739,0.7626759,,,15.180739,7.626759,1.342253,0.42465658,4.0390464,1
951879810,HVA typical,HVA,right,4,Baseline screen-bounded,9,5,3.5,2.5,400,True,False,False,component intact,True,False,0.37280854,3.7832696,2.6002925,1.4618868,0.73768584,1.3339332,,14.618868,7.3768584,1.3305006,0.41196918,3.7336215,1
951879810,HVA typical,HVA,right,4,Baseline extended,9,5,3.5,2.5,400,True,False,False,component intact,True,False,0.37280982,3.7832765,2.600295,1.4618996,0.73768173,1.3339332,,14.618996,7.3768173,1.3305123,0.41198185,3.7336893,1
951879810,HVA typical,HVA,right,4,Baseline + DC ring,9,5,3.5,2.5,400,True,False,False,component intact,True,False,0.37299454,3.7827348,2.6002988,1.4614109,0.73766717,1.3339334,0.032973608,14.614109,7.3766717,1.3300675,0.41149949,3.7282757,1
951880367,HVA upper quartile,HVA,top,0,Allen no baseline,9,9,3.6667,2.1111,900,False,False,False,component intact,True,False,0,3.4668783,2.2449376,2.8632523,2.7682506,,,28.632523,27.682506,1,0,0,1
951880367,HVA upper quartile,HVA,top,0,Baseline screen-bounded,9,9,3.6667,2.1111,900,False,False,False,component intact,True,False,35.45881,3.5658221,2.2300331,1.9053769,1.5233466,12.13071,,19.053769,15.233466,1,0,0,1
951880367,HVA upper quartile,HVA,top,0,Baseline extended,9,9,3.6667,2.1111,900,False,False,False,component intact,True,False,35.458783,3.5658208,2.2300331,1.9053786,1.5233475,12.13071,,19.053786,15.233475,1,0,0,1
951880367,HVA upper quartile,HVA,top,0,Baseline + DC ring,9,9,3.6667,2.1111,900,False,False,False,component intact,True,False,35.544202,3.567027,2.2300024,1.9001592,1.5210202,12.13093,2.4529127,19.001592,15.210202,1,0,0,1
951880367,HVA upper quartile,HVA,top,1,Allen no baseline,8,9,3.8,2,1000,True,False,False,component intact,True,False,0,3.4806985,1.9319071,2.848938,3.0654013,,,30.654013,28.48938,1.0706012,0.098421166,3.133355,1.1111111
951880367,HVA upper quartile,HVA,top,1,Baseline screen-bounded,8,9,3.8,2,1000,True,False,False,component intact,True,False,35.877219,3.5689182,2.3425017,1.8927925,1.3677621,11.307821,,18.927925,13.677621,0.99339532,0.009560147,1.1251121,1.1111111
951880367,HVA upper quartile,HVA,top,1,Baseline extended,8,9,3.8,2,1000,True,False,False,component intact,True,False,35.87718,3.5689156,2.3425022,1.8927952,1.3677633,11.307821,,18.927952,13.677633,0.99339588,0.009559332,1.1251176,1.1111111
951880367,HVA upper quartile,HVA,top,1,Baseline + DC ring,8,9,3.8,2,1000,True,False,False,component intact,True,False,35.943038,3.5702665,2.3423488,1.888237,1.3661282,11.308031,2.3099056,18.88237,13.661282,0.99372568,0.0090804501,1.1239311,1.1111111
951880367,HVA upper quartile,HVA,top,2,Allen no baseline,7,9,3.5,2.3333,600,True,True,False,component censored; peak retained,True,False,0,3.4569104,-14.842468,2.8103585,8.5796403,,,85.796403,28.103585,2.9964667,1.5832624,170.87409,0.66666667
951880367,HVA upper quartile,HVA,top,2,Baseline screen-bounded,7,9,3.5,2.3333,600,True,True,False,component censored; peak retained,True,False,35.452612,3.5294796,2.3513076,1.8878492,1.3693284,10.804971,,18.878492,13.693284,0.99080095,0.013332839,1.2660284,0.66666667
951880367,HVA upper quartile,HVA,top,2,Baseline extended,7,9,3.5,2.3333,600,True,True,False,component censored; peak retained,True,False,35.452598,3.5294783,2.3513076,1.8878501,1.3693292,10.804971,,18.878501,13.693292,0.9908005,0.013333492,1.2660291,0.66666667
951880367,HVA upper quartile,HVA,top,2,Baseline + DC ring,7,9,3.5,2.3333,600,True,True,False,component censored; peak retained,True,False,35.508452,3.5300171,2.3532063,1.8838907,1.3663513,10.805156,2.025945,18.838907,13.663513,0.99143837,0.012404994,1.2864269,0.66666667
951880367,HVA upper quartile,HVA,top,3,Allen no baseline,6,9,3.5,3,400,True,True,True,original peak removed,False,False,0,3.3318881,-79.250515,3.1769263,16.623994,,,166.23994,31.769263,5.805983,2.5375403,814.95564,0.44444444
951880367,HVA upper quartile,HVA,top,3,Baseline screen-bounded,6,9,3.5,3,400,True,True,True,original peak removed,True,True,36.255567,3.5007821,3,1.9663309,0.97666873,11.078292,,19.663309,9.7666873,1.0319905,0.045429714,7.7270899,0.44444444
951880367,HVA upper quartile,HVA,top,3,Baseline extended,6,9,3.5,3,400,True,True,True,original peak removed,True,False,35.276817,3.4881242,2.4000923,1.9866163,1.3536418,10.891096,,19.866163,13.536418,1.042636,0.060235582,1.8696767,0.44444444
951880367,HVA upper quartile,HVA,top,3,Baseline + DC ring,6,9,3.5,3,400,True,True,True,original peak removed,True,False,35.479589,3.4918221,2.5024639,1.9739426,1.2960882,10.894043,2.5618961,19.739426,12.960882,1.0388301,0.054959773,2.8265007,0.44444444
951880367,HVA upper quartile,HVA,top,4,Allen no baseline,5,9,2.5,4,600,True,True,True,original peak removed,False,False,0,2.4469764,-90.260137,5.1987349,20.352228,,,203.52228,51.987349,7.1080807,2.8294601,925.10697,0.66666667
951880367,HVA upper quartile,HVA,top,4,Baseline screen-bounded,5,9,2.5,4,600,True,True,True,original peak removed,True,True,35.458393,2.9939559,4,2.334206,0.69430927,10.251079,,23.34206,6.9430927,1.2250626,0.29285548,18.600574,0.66666667
951880367,HVA upper quartile,HVA,top,4,Baseline extended,5,9,2.5,4,600,True,True,True,original peak removed,True,False,34.637593,2.9814122,2.3254596,2.3666747,1.4516178,10.230156,,23.666747,14.516178,1.2421021,0.31278377,5.9214833,0.66666667
951880367,HVA upper quartile,HVA,top,4,Baseline + DC ring,5,9,2.5,4,600,True,True,True,original peak removed,True,False,35.360228,2.9939721,3.7876989,2.3145597,0.82949389,10.24289,2.3756653,23.145597,8.2949389,1.2180873,0.28461751,16.597621,0.66666667
951880367,HVA upper quartile,HVA,bottom,0,Allen no baseline,9,9,3.6667,2.1111,900,False,False,False,component intact,True,False,0,3.4668783,2.2449376,2.8632523,2.7682506,,,28.632523,27.682506,1,0,0,1
951880367,HVA upper quartile,HVA,bottom,0,Baseline screen-bounded,9,9,3.6667,2.1111,900,False,False,False,component intact,True,False,35.45881,3.5658221,2.2300331,1.9053769,1.5233466,12.13071,,19.053769,15.233466,1,0,0,1
951880367,HVA upper quartile,HVA,bottom,0,Baseline extended,9,9,3.6667,2.1111,900,False,False,False,component intact,True,False,35.458783,3.5658208,2.2300331,1.9053786,1.5233475,12.13071,,19.053786,15.233475,1,0,0,1
951880367,HVA upper quartile,HVA,bottom,0,Baseline + DC ring,9,9,3.6667,2.1111,900,False,False,False,component intact,True,False,35.544202,3.567027,2.2300024,1.9001592,1.5210202,12.13093,2.4529127,19.001592,15.210202,1,0,0,1
951880367,HVA upper quartile,HVA,bottom,1,Allen no baseline,8,9,3.6667,2.1111,900,False,False,False,component intact,True,False,0,3.4753438,2.2675006,2.8116128,2.5003761,,,28.116128,25.003761,0.98196475,0.026256859,0.24098784,1
951880367,HVA upper quartile,HVA,bottom,1,Baseline screen-bounded,8,9,3.6667,2.1111,900,False,False,False,component intact,True,False,37.112101,3.5717547,2.2299819,1.8674585,1.4932696,12.651747,,18.674585,14.932696,0.98009925,0.029000241,0.0593286,1
951880367,HVA upper quartile,HVA,bottom,1,Baseline extended,8,9,3.6667,2.1111,900,False,False,False,component intact,True,False,37.112075,3.5717537,2.2299819,1.8674598,1.4932703,12.651747,,18.674598,14.932703,0.98009911,0.029000453,0.059331469,1
951880367,HVA upper quartile,HVA,bottom,1,Baseline + DC ring,8,9,3.6667,2.1111,900,False,False,False,component intact,True,False,37.202418,3.5727814,2.2299646,1.8628854,1.4911184,12.651912,2.0987718,18.628854,14.911184,0.98038385,0.028581374,0.057544927,1
951880367,HVA upper quartile,HVA,bottom,2,Allen no baseline,7,9,3.6667,2.1111,900,False,False,False,component intact,True,False,0,3.4858841,2.2562058,2.7461735,2.2262631,,,27.461735,22.262631,0.95910986,0.060232015,0.22095065,1
951880367,HVA upper quartile,HVA,bottom,2,Baseline screen-bounded,7,9,3.6667,2.1111,900,False,False,False,component intact,True,False,34.253153,3.5617031,2.2298766,1.9328901,1.5435848,12.842395,,19.328901,15.435848,1.0144398,0.020683202,0.041219249,1
951880367,HVA upper quartile,HVA,bottom,2,Baseline extended,7,9,3.6667,2.1111,900,False,False,False,component intact,True,False,34.253084,3.5617016,2.2298764,1.9328927,1.5435864,12.842395,,19.328927,15.435864,1.0144402,0.020683852,0.041221602,1
951880367,HVA upper quartile,HVA,bottom,2,Baseline + DC ring,7,9,3.6667,2.1111,900,False,False,False,component intact,True,False,34.534943,3.56371,2.2298347,1.9226291,1.5376404,12.843043,2.6811645,19.226291,15.376404,1.0118253,0.016960161,0.033212118,1
951880367,HVA upper quartile,HVA,bottom,3,Allen no baseline,6,9,3.875,2.125,800,False,False,False,component intact,True,False,0,3.4979111,2.2296479,2.6966967,2.0889891,,,26.966967,20.889891,0.94182992,0.086461539,0.34594938,0.88888889
951880367,HVA upper quartile,HVA,bottom,3,Baseline screen-bounded,6,9,3.875,2.125,800,False,False,False,component intact,True,False,35.427147,3.5663947,2.2322905,1.906866,1.5332277,13.6689,,19.06866,15.332277,1.0007815,0.0011270746,0.023288594,0.88888889
951880367,HVA upper quartile,HVA,bottom,3,Baseline extended,6,9,3.875,2.125,800,False,False,False,component intact,True,False,35.427042,3.5663933,2.2322903,1.9068691,1.5332298,13.6689,,19.068691,15.332298,1.0007823,0.0011281475,0.023287015,0.88888889
951880367,HVA upper quartile,HVA,bottom,3,Baseline + DC ring,6,9,3.875,2.125,800,False,False,False,component intact,True,False,35.957835,3.5697924,2.232455,1.8911269,1.5238133,13.670016,2.6623269,18.911269,15.238133,0.99524657,0.0068741077,0.036962608,0.88888889
951880367,HVA upper quartile,HVA,bottom,4,Allen no baseline,5,9,3.8889,2.3333,900,True,False,False,component intact,True,False,0,3.5456979,2.2271127,2.632308,2.0786946,,,26.32308,20.786946,0.91934196,0.12132651,0.80810033,1
951880367,HVA upper quartile,HVA,bottom,4,Baseline screen-bounded,5,9,3.8889,2.3333,900,True,False,False,component intact,True,False,38.348051,3.5927429,2.2549709,1.839549,1.5374095,12.767929,,18.39549,15.374095,0.96545153,0.050724271,0.36696393,1
951880367,HVA upper quartile,HVA,bottom,4,Baseline extended,5,9,3.8889,2.3333,900,True,False,False,component intact,True,False,38.347968,3.5927423,2.2549708,1.8395512,1.537411,12.767929,,18.395512,15.37411,0.96545183,0.050723809,0.36696828,1
951880367,HVA upper quartile,HVA,bottom,4,Baseline + DC ring,5,9,3.8889,2.3333,900,True,False,False,component intact,True,False,38.835224,3.5951429,2.2553766,1.8265837,1.5292253,12.768773,2.1393537,18.265837,15.292253,0.96127927,0.056972467,0.37872882,1
951880367,HVA upper quartile,HVA,left,0,Allen no baseline,9,9,3.6667,2.1111,900,False,False,False,component intact,True,False,0,3.4668783,2.2449376,2.8632523,2.7682506,,,28.632523,27.682506,1,0,0,1
951880367,HVA upper quartile,HVA,left,0,Baseline screen-bounded,9,9,3.6667,2.1111,900,False,False,False,component intact,True,False,35.45881,3.5658221,2.2300331,1.9053769,1.5233466,12.13071,,19.053769,15.233466,1,0,0,1
951880367,HVA upper quartile,HVA,left,0,Baseline extended,9,9,3.6667,2.1111,900,False,False,False,component intact,True,False,35.458783,3.5658208,2.2300331,1.9053786,1.5233475,12.13071,,19.053786,15.233475,1,0,0,1
951880367,HVA upper quartile,HVA,left,0,Baseline + DC ring,9,9,3.6667,2.1111,900,False,False,False,component intact,True,False,35.544202,3.567027,2.2300024,1.9001592,1.5210202,12.13093,2.4529127,19.001592,15.210202,1,0,0,1
951880367,HVA upper quartile,HVA,left,1,Allen no baseline,9,8,3.5,2.2,1000,False,False,False,component intact,True,False,0,3.6440676,2.2510395,2.5902459,2.5868613,,,25.902459,25.868613,0.90465164,0.14456575,1.7729432,1.1111111
951880367,HVA upper quartile,HVA,left,1,Baseline screen-bounded,9,8,3.5,2.2,1000,False,False,False,component intact,True,False,33.046815,3.6273495,2.2295704,1.8576614,1.5409921,10.549726,,18.576614,15.409921,0.97495744,0.036588853,0.6152913,1.1111111
951880367,HVA upper quartile,HVA,left,1,Baseline extended,9,8,3.5,2.2,1000,False,False,False,component intact,True,False,33.04682,3.6273484,2.2295712,1.8576621,1.5409913,10.549726,,18.576621,15.409913,0.97495695,0.036589581,0.61529402,1.1111111
951880367,HVA upper quartile,HVA,left,1,Baseline + DC ring,9,8,3.5,2.2,1000,False,False,False,component intact,True,False,33.116949,3.6275776,2.2296048,1.8536096,1.5391508,10.549917,2.2466987,18.536096,15.391508,0.97550226,0.035782879,0.60551895,1.1111111
951880367,HVA upper quartile,HVA,left,2,Allen no baseline,9,7,3.6364,2.0909,1100,True,False,False,component intact,True,False,0,3.7483885,2.2428571,2.4643257,2.5398456,,,25.398456,24.643257,0.88704919,0.17291399,2.8151791,1.2222222
951880367,HVA upper quartile,HVA,left,2,Baseline screen-bounded,9,7,3.6364,2.0909,1100,True,False,False,component intact,True,False,33.368021,3.741101,2.2141109,1.7124103,1.5371066,9.911718,,17.124103,15.371066,0.89872522,0.15404801,1.7600068,1.2222222
951880367,HVA upper quartile,HVA,left,2,Baseline extended,9,7,3.6364,2.0909,1100,True,False,False,component intact,True,False,33.368025,3.741101,2.214111,1.7124102,1.5371064,9.911718,,17.124102,15.371064,0.89872438,0.15404935,1.7600188,1.2222222
951880367,HVA upper quartile,HVA,left,2,Baseline + DC ring,9,7,3.6364,2.0909,1100,True,False,False,component intact,True,False,33.401926,3.7413735,2.2140956,1.7104139,1.5361305,9.9117719,1.4084069,17.104139,15.361305,0.90014243,0.1517748,1.7507063,1.2222222
951880367,HVA upper quartile,HVA,left,3,Allen no baseline,9,6,3.875,2.125,800,True,True,False,component censored; peak retained,True,False,0,3.540311,2.2008444,2.6314841,2.5268435,,,26.314841,25.268435,0.91905423,0.1217781,0.85653771,0.88888889
951880367,HVA upper quartile,HVA,left,3,Baseline screen-bounded,9,6,3.875,2.125,800,True,True,False,component censored; peak retained,True,False,33.045799,3.8209031,2.1880712,1.6460416,1.5542084,10.080662,,16.460416,15.542084,0.86389289,0.21107564,2.5850949,0.88888889
951880367,HVA upper quartile,HVA,left,3,Baseline extended,9,6,3.875,2.125,800,True,True,False,component censored; peak retained,True,False,33.045801,3.8209031,2.1880712,1.6460415,1.5542083,10.080662,,16.460415,15.542083,0.8638921,0.21107696,2.5851076,0.88888889
951880367,HVA upper quartile,HVA,left,3,Baseline + DC ring,9,6,3.875,2.125,800,True,True,False,component censored; peak retained,True,False,33.075145,3.822378,2.1881012,1.6435177,1.553324,10.080713,1.1187812,16.435177,15.53324,0.86493687,0.20933326,2.5876602,0.88888889
951880367,HVA upper quartile,HVA,left,4,Allen no baseline,9,5,4.4,2.2,500,True,True,False,component censored; peak retained,True,False,0,0.82633183,2.108588,3.9508064,2.715863,,,39.508064,27.15863,1.3798317,0.46449236,26.440645,0.55555556
951880367,HVA upper quartile,HVA,left,4,Baseline screen-bounded,9,5,4.4,2.2,500,True,True,False,component censored; peak retained,True,True,33.353368,4,2.1408638,1.5286819,1.5610535,10.387594,,15.610535,15.286819,0.81928858,0.28755638,4.4323994,0.55555556
951880367,HVA upper quartile,HVA,left,4,Baseline extended,9,5,4.4,2.2,500,True,True,False,component censored; peak retained,True,False,32.979883,3.7772843,2.1396322,1.6724984,1.5679697,10.323561,,16.724984,15.679697,0.87777745,0.18807288,2.2997638,0.55555556
951880367,HVA upper quartile,HVA,left,4,Baseline + DC ring,9,5,4.4,2.2,500,True,True,False,component censored; peak retained,True,False,33.118734,3.8243614,2.1401625,1.6394529,1.5645386,10.325975,1.794591,16.394529,15.645386,0.86279768,0.21290579,2.7256595,0.55555556
951880367,HVA upper quartile,HVA,right,0,Allen no baseline,9,9,3.6667,2.1111,900,False,False,False,component intact,True,False,0,3.4668783,2.2449376,2.8632523,2.7682506,,,28.632523,27.682506,1,0,0,1
951880367,HVA upper quartile,HVA,right,0,Baseline screen-bounded,9,9,3.6667,2.1111,900,False,False,False,component intact,True,False,35.45881,3.5658221,2.2300331,1.9053769,1.5233466,12.13071,,19.053769,15.233466,1,0,0,1
951880367,HVA upper quartile,HVA,right,0,Baseline extended,9,9,3.6667,2.1111,900,False,False,False,component intact,True,False,35.458783,3.5658208,2.2300331,1.9053786,1.5233475,12.13071,,19.053786,15.233475,1,0,0,1
951880367,HVA upper quartile,HVA,right,0,Baseline + DC ring,9,9,3.6667,2.1111,900,False,False,False,component intact,True,False,35.544202,3.567027,2.2300024,1.9001592,1.5210202,12.13093,2.4529127,19.001592,15.210202,1,0,0,1
951880367,HVA upper quartile,HVA,right,1,Allen no baseline,9,8,3.6667,2.1111,900,False,False,False,component intact,True,False,0,3.4552831,2.2578506,2.8054632,2.6762033,,,28.054632,26.762033,0.97981697,0.029415809,0.17354956,1
951880367,HVA upper quartile,HVA,right,1,Baseline screen-bounded,9,8,3.6667,2.1111,900,False,False,False,component intact,True,False,36.078697,3.5788649,2.2329076,1.92836,1.5142394,11.864026,,19.2836,15.142394,1.0120622,0.01729798,0.13355871,1
951880367,HVA upper quartile,HVA,right,1,Baseline extended,9,8,3.6667,2.1111,900,False,False,False,component intact,True,False,36.078645,3.5788631,2.2329075,1.9283631,1.514241,11.864026,,19.283631,15.14241,1.0120629,0.017299027,0.1335533,1
951880367,HVA upper quartile,HVA,right,1,Baseline + DC ring,9,8,3.6667,2.1111,900,False,False,False,component intact,True,False,36.191049,3.580049,2.232839,1.921782,1.5114218,11.864364,2.5573497,19.21782,15.114218,1.0113795,0.016324406,0.1332738,1
951880367,HVA upper quartile,HVA,right,2,Allen no baseline,9,7,3.6364,2.0909,1100,False,False,False,component intact,True,False,0,3.5022866,2.2560117,2.884425,2.609835,,,28.84425,26.09835,1.0073946,0.010628952,0.37099645,1.2222222
951880367,HVA upper quartile,HVA,right,2,Baseline screen-bounded,9,7,3.6364,2.0909,1100,False,False,False,component intact,True,False,36.910143,3.6154785,2.2292246,1.9789917,1.5086373,12.184225,,19.789917,15.086373,1.0386353,0.054689183,0.49662989,1.2222222
951880367,HVA upper quartile,HVA,right,2,Baseline extended,9,7,3.6364,2.0909,1100,False,False,False,component intact,True,False,36.910055,3.6154767,2.2292242,1.9789974,1.5086398,12.184225,,19.789974,15.086398,1.0386374,0.054692054,0.49662504,1.2222222
951880367,HVA upper quartile,HVA,right,2,Baseline + DC ring,9,7,3.6364,2.0909,1100,False,False,False,component intact,True,False,37.067864,3.6155529,2.2291727,1.9683136,1.5048897,12.18491,2.8394796,19.683136,15.048897,1.0358677,0.050839814,0.48532954,1.2222222
951880367,HVA upper quartile,HVA,right,3,Allen no baseline,9,6,3.8,2,1000,True,False,False,component intact,True,False,0,3.8399914,2.2647314,3.2885353,2.5395785,,,32.885353,25.395785,1.1485314,0.19979036,3.7363774,1.1111111
951880367,HVA upper quartile,HVA,right,3,Baseline screen-bounded,9,6,3.8,2,1000,True,False,False,component intact,True,False,37.013083,3.770445,2.2334556,2.1577505,1.5065834,12.349521,,21.577505,15.065834,1.1324534,0.17945167,2.0465158,1.1111111
951880367,HVA upper quartile,HVA,right,3,Baseline extended,9,6,3.8,2,1000,True,False,False,component intact,True,False,37.013198,3.7704435,2.2334563,2.1577408,1.5065799,12.349521,,21.577408,15.065799,1.1324473,0.1794439,2.0465137,1.1111111
951880367,HVA upper quartile,HVA,right,3,Baseline + DC ring,9,6,3.8,2,1000,True,False,False,component intact,True,False,37.394111,3.7523697,2.233269,2.1148511,1.4981129,12.354668,4.1320153,21.148511,14.981129,1.1129863,0.15443582,1.8537154,1.1111111
951880367,HVA upper quartile,HVA,right,4,Allen no baseline,9,5,3.6,2.2,500,True,True,False,component censored; peak retained,True,False,0,18.037162,2.2565699,9.7146749,2.7063418,,,97.146749,27.063418,3.3928812,1.7625109,145.70289,0.55555556
951880367,HVA upper quartile,HVA,right,4,Baseline screen-bounded,9,5,3.6,2.2,500,True,True,False,component censored; peak retained,True,True,39.05085,4,2.2409934,2.2585443,1.5035498,12.501259,,22.585443,15.035498,1.1853531,0.24531684,4.3431625,0.55555556
951880367,HVA upper quartile,HVA,right,4,Baseline extended,9,5,3.6,2.2,500,True,True,False,component censored; peak retained,True,False,38.160445,4.9513728,2.2362513,2.8653854,1.5299425,12.291105,,28.653854,15.299425,1.5038405,0.58865153,13.85566,0.55555556
951880367,HVA upper quartile,HVA,right,4,Baseline + DC ring,9,5,3.6,2.2,500,True,True,False,component censored; peak retained,True,False,39.769636,4.0724577,2.2400637,2.2532749,1.4876876,12.471737,6.4820931,22.532749,14.876876,1.1858348,0.24590307,5.0553088,0.55555556
