ecephys_session_id,null_repeat,real_residual_full_minimum_loss,null_residual_full_minimum_loss,real_residual_physical_half_difference_deg,null_residual_physical_half_difference_deg
742951821,0,1.3781428237730162,1.8190855344506014,20.0,13.416407864998739
742951821,1,1.3781428237730162,1.777629520980528,20.0,10.770329614269007
742951821,2,1.3781428237730162,1.749701511203202,20.0,27.85677655436824
742951821,3,1.3781428237730162,1.8571125273266011,20.0,29.120439557122072
742951821,4,1.3781428237730162,1.6940655345038007,20.0,27.784887978899608
742951821,5,1.3781428237730162,1.709055112902258,20.0,8.94427190999916
742951821,6,1.3781428237730162,1.7766803893932392,20.0,15.231546211727817
742951821,7,1.3781428237730162,1.8394464768946055,20.0,10.198039027185569
742951821,8,1.3781428237730162,1.647177949933551,20.0,18.973665961010276
742951821,9,1.3781428237730162,1.8105468882527753,20.0,20.0
742951821,10,1.3781428237730162,1.7874282587743116,20.0,10.770329614269007
742951821,11,1.3781428237730162,1.7868419694256357,20.0,18.110770276274835
742951821,12,1.3781428237730162,1.6901308590502913,20.0,12.649110640673518
742951821,13,1.3781428237730162,1.8157443697408397,20.0,21.2602916254693
742951821,14,1.3781428237730162,1.8215334149168083,20.0,8.48528137423857
742951821,15,1.3781428237730162,1.8532075101909087,20.0,6.324555320336759
742951821,16,1.3781428237730162,1.820712157683442,20.0,20.0
742951821,17,1.3781428237730162,1.747547148998921,20.0,12.806248474865697
742951821,18,1.3781428237730162,1.820332127077984,20.0,10.0
742951821,19,1.3781428237730162,1.537660414287003,20.0,15.231546211727817
742951821,20,1.3781428237730162,1.7938730080510235,20.0,17.88854381999832
742951821,21,1.3781428237730162,1.7636723548104192,20.0,8.94427190999916
742951821,22,1.3781428237730162,1.7285345993256784,20.0,8.94427190999916
742951821,23,1.3781428237730162,1.8184859852519948,20.0,27.784887978899608
742951821,24,1.3781428237730162,1.7782788519541937,20.0,15.620499351813308
742951821,25,1.3781428237730162,1.7842311784893081,20.0,22.360679774997898
742951821,26,1.3781428237730162,1.6914771825326753,20.0,6.324555320336759
742951821,27,1.3781428237730162,1.6679342432880584,20.0,21.633307652783937
742951821,28,1.3781428237730162,1.6763544585191237,20.0,10.770329614269007
742951821,29,1.3781428237730162,1.8218958415457418,20.0,15.231546211727817
742951821,30,1.3781428237730162,1.7976464229051472,20.0,25.059928172283335
742951821,31,1.3781428237730162,1.7839377309480031,20.0,17.88854381999832
742951821,32,1.3781428237730162,1.757797478096118,20.0,14.422205101855956
742951821,33,1.3781428237730162,1.7976557219255465,20.0,18.110770276274835
742951821,34,1.3781428237730162,1.7963649855924033,20.0,16.1245154965971
742951821,35,1.3781428237730162,1.7426490379764976,20.0,23.323807579381203
742951821,36,1.3781428237730162,1.7727387813326299,20.0,27.85677655436824
742951821,37,1.3781428237730162,1.804076876576701,20.0,33.52610922848042
742951821,38,1.3781428237730162,1.7964835288740402,20.0,28.284271247461902
742951821,39,1.3781428237730162,1.790993040382094,20.0,19.697715603592208
742951821,40,1.3781428237730162,1.7461910927766353,20.0,16.1245154965971
742951821,41,1.3781428237730162,1.7713065477816219,20.0,16.1245154965971
742951821,42,1.3781428237730162,1.820243121218725,20.0,15.620499351813308
742951821,43,1.3781428237730162,1.8368857888264805,20.0,8.94427190999916
742951821,44,1.3781428237730162,1.7567953617201884,20.0,20.396078054371138
742951821,45,1.3781428237730162,1.6779177679791681,20.0,25.059928172283335
742951821,46,1.3781428237730162,1.77105760562784,20.0,22.0
742951821,47,1.3781428237730162,1.781545274976979,20.0,22.80350850198276
742951821,48,1.3781428237730162,1.8308154056367836,20.0,7.211102550927978
742951821,49,1.3781428237730162,1.7374432880047948,20.0,13.416407864998739
742951821,50,1.3781428237730162,1.7825501202165044,20.0,21.633307652783937
742951821,51,1.3781428237730162,1.7771266416256688,20.0,20.09975124224178
742951821,52,1.3781428237730162,1.8333024590633347,20.0,12.165525060596439
742951821,53,1.3781428237730162,1.7792174554077311,20.0,18.973665961010276
742951821,54,1.3781428237730162,1.7826754658047206,20.0,8.246211251235321
742951821,55,1.3781428237730162,1.8667630174368006,20.0,22.360679774997898
742951821,56,1.3781428237730162,1.79579707962772,20.0,14.142135623730951
742951821,57,1.3781428237730162,1.7584320947420033,20.0,17.88854381999832
742951821,58,1.3781428237730162,1.657541439234341,20.0,18.439088914585774
742951821,59,1.3781428237730162,1.6426510985757892,20.0,18.439088914585774
742951821,60,1.3781428237730162,1.7956145490163966,20.0,10.0
742951821,61,1.3781428237730162,1.7628433893950572,20.0,32.984845004941285
742951821,62,1.3781428237730162,1.7435562548747332,20.0,16.1245154965971
742951821,63,1.3781428237730162,1.8335255611468353,20.0,6.324555320336759
742951821,64,1.3781428237730162,1.761778895719389,20.0,4.0
742951821,65,1.3781428237730162,1.7624600167710158,20.0,12.165525060596439
742951821,66,1.3781428237730162,1.7933937372889803,20.0,34.17601498127012
742951821,67,1.3781428237730162,1.7694205148902171,20.0,15.231546211727817
742951821,68,1.3781428237730162,1.7326993638316655,20.0,13.416407864998739
742951821,69,1.3781428237730162,1.7975340325312887,20.0,6.324555320336759
742951821,70,1.3781428237730162,1.7657799460824872,20.0,18.439088914585774
742951821,71,1.3781428237730162,1.751363036199189,20.0,34.23448553724738
742951821,72,1.3781428237730162,1.7684664184879975,20.0,19.697715603592208
742951821,73,1.3781428237730162,1.7976740861733833,20.0,15.620499351813308
742951821,74,1.3781428237730162,1.5546701063902337,20.0,13.416407864998739
742951821,75,1.3781428237730162,1.785550006546737,20.0,12.649110640673518
742951821,76,1.3781428237730162,1.6925362875674903,20.0,16.1245154965971
742951821,77,1.3781428237730162,1.8507140628623997,20.0,10.198039027185569
742951821,78,1.3781428237730162,1.7739481942858286,20.0,13.416407864998739
742951821,79,1.3781428237730162,1.7783708891458796,20.0,32.55764119219941
742951821,80,1.3781428237730162,1.7541774695311445,20.0,12.165525060596439
742951821,81,1.3781428237730162,1.6855119711359108,20.0,11.313708498984761
742951821,82,1.3781428237730162,1.7946277425845678,20.0,16.492422502470642
742951821,83,1.3781428237730162,1.7578104505171341,20.0,21.633307652783937
742951821,84,1.3781428237730162,1.7562092592309089,20.0,12.806248474865697
742951821,85,1.3781428237730162,1.7684020143152461,20.0,17.08800749063506
742951821,86,1.3781428237730162,1.7665833379261286,20.0,15.231546211727817
742951821,87,1.3781428237730162,1.7747534118379735,20.0,22.090722034374522
742951821,88,1.3781428237730162,1.7901346587320817,20.0,14.142135623730951
742951821,89,1.3781428237730162,1.7647497947278683,20.0,22.090722034374522
742951821,90,1.3781428237730162,1.7902174608188792,20.0,21.2602916254693
742951821,91,1.3781428237730162,1.6771554874291004,20.0,8.94427190999916
742951821,92,1.3781428237730162,1.8022230420823315,20.0,18.0
742951821,93,1.3781428237730162,1.7933636650156426,20.0,16.97056274847714
742951821,94,1.3781428237730162,1.8180761179736369,20.0,17.88854381999832
742951821,95,1.3781428237730162,1.8181603745132726,20.0,13.416407864998739
742951821,96,1.3781428237730162,1.75346823882457,20.0,16.97056274847714
742951821,97,1.3781428237730162,1.7578822431407504,20.0,22.0
742951821,98,1.3781428237730162,1.7588270872974932,20.0,16.1245154965971
742951821,99,1.3781428237730162,1.7346663394552115,20.0,31.622776601683793
762602078,0,1.244757275279021,1.6138728545581724,10.0,18.439088914585774
762602078,1,1.244757275279021,1.592893395152622,10.0,16.1245154965971
762602078,2,1.244757275279021,1.6430070700268091,10.0,8.94427190999916
762602078,3,1.244757275279021,1.649652509734693,10.0,32.0
762602078,4,1.244757275279021,1.6740206898697385,10.0,23.40939982143925
762602078,5,1.244757275279021,1.7016094986649906,10.0,10.0
762602078,6,1.244757275279021,1.642628266022877,10.0,8.48528137423857
762602078,7,1.244757275279021,1.6708450030240354,10.0,18.0
762602078,8,1.244757275279021,1.7163789778736402,10.0,16.1245154965971
762602078,9,1.244757275279021,1.6948757269285264,10.0,13.416407864998739
762602078,10,1.244757275279021,1.6977411265931397,10.0,8.0
762602078,11,1.244757275279021,1.6536017603654867,10.0,11.661903789690601
762602078,12,1.244757275279021,1.6665602848647811,10.0,8.0
762602078,13,1.244757275279021,1.6651108125636478,10.0,16.1245154965971
762602078,14,1.244757275279021,1.7255345858020743,10.0,8.0
762602078,15,1.244757275279021,1.68494549859916,10.0,18.973665961010276
762602078,16,1.244757275279021,1.6349032765917466,10.0,10.770329614269007
762602078,17,1.244757275279021,1.685663615322076,10.0,7.211102550927978
762602078,18,1.244757275279021,1.7221295054949097,10.0,10.198039027185569
762602078,19,1.244757275279021,1.7357326600598855,10.0,15.231546211727817
762602078,20,1.244757275279021,1.7476884320674926,10.0,11.661903789690601
762602078,21,1.244757275279021,1.7041897874795393,10.0,10.198039027185569
762602078,22,1.244757275279021,1.7268230235024322,10.0,6.324555320336759
762602078,23,1.244757275279021,1.6432586363124368,10.0,14.422205101855956
762602078,24,1.244757275279021,1.6789651792094618,10.0,8.94427190999916
762602078,25,1.244757275279021,1.6260541413346377,10.0,15.231546211727817
762602078,26,1.244757275279021,1.6738406089121256,10.0,14.142135623730951
762602078,27,1.244757275279021,1.7361230539309316,10.0,12.165525060596439
762602078,28,1.244757275279021,1.75197014019242,10.0,0.0
762602078,29,1.244757275279021,1.60537894656521,10.0,8.246211251235321
762602078,30,1.244757275279021,1.6715753420429837,10.0,12.0
762602078,31,1.244757275279021,1.7361924725763072,10.0,18.110770276274835
762602078,32,1.244757275279021,1.741972358023384,10.0,11.661903789690601
762602078,33,1.244757275279021,1.729244584501578,10.0,8.0
762602078,34,1.244757275279021,1.7464274927828256,10.0,7.211102550927978
762602078,35,1.244757275279021,1.7819207564900816,10.0,5.656854249492381
762602078,36,1.244757275279021,1.6874623328512866,10.0,8.246211251235321
762602078,37,1.244757275279021,1.7391022006336574,10.0,21.540659228538015
762602078,38,1.244757275279021,1.6276276174954294,10.0,10.198039027185569
762602078,39,1.244757275279021,1.7518717375161463,10.0,4.0
762602078,40,1.244757275279021,1.720589812196791,10.0,8.94427190999916
762602078,41,1.244757275279021,1.732441368179759,10.0,24.331050121192877
762602078,42,1.244757275279021,1.6985133228933578,10.0,14.142135623730951
762602078,43,1.244757275279021,1.6728456838269508,10.0,4.0
762602078,44,1.244757275279021,1.7405526254907178,10.0,8.48528137423857
762602078,45,1.244757275279021,1.6972640225624294,10.0,0.0
762602078,46,1.244757275279021,1.6331945774756653,10.0,16.1245154965971
762602078,47,1.244757275279021,1.7329471568535213,10.0,10.770329614269007
762602078,48,1.244757275279021,1.687483903106435,10.0,10.0
762602078,49,1.244757275279021,1.692982983712244,10.0,4.47213595499958
762602078,50,1.244757275279021,1.6154599830459349,10.0,28.284271247461902
762602078,51,1.244757275279021,1.673530517594484,10.0,8.246211251235321
762602078,52,1.244757275279021,1.6595304666208734,10.0,18.867962264113206
762602078,53,1.244757275279021,1.7560119341060672,10.0,27.85677655436824
762602078,54,1.244757275279021,1.7390058072742471,10.0,4.47213595499958
762602078,55,1.244757275279021,1.7058846936084966,10.0,4.0
762602078,56,1.244757275279021,1.688524566222399,10.0,15.231546211727817
762602078,57,1.244757275279021,1.6861915980305708,10.0,12.649110640673518
762602078,58,1.244757275279021,1.7247812542873275,10.0,14.560219778561036
762602078,59,1.244757275279021,1.7373518361153741,10.0,14.422205101855956
762602078,60,1.244757275279021,1.642937897175558,10.0,17.88854381999832
762602078,61,1.244757275279021,1.7149376091005086,10.0,4.0
762602078,62,1.244757275279021,1.7113069913101648,10.0,4.0
762602078,63,1.244757275279021,1.7303490595908158,10.0,8.94427190999916
762602078,64,1.244757275279021,1.7334986489211717,10.0,7.211102550927978
762602078,65,1.244757275279021,1.6335502494026797,10.0,14.0
762602078,66,1.244757275279021,1.6403540356833144,10.0,12.649110640673518
762602078,67,1.244757275279021,1.6433744642735815,10.0,10.0
762602078,68,1.244757275279021,1.7194393014317921,10.0,8.246211251235321
762602078,69,1.244757275279021,1.6982121715680376,10.0,12.806248474865697
762602078,70,1.244757275279021,1.6886542843300172,10.0,2.0
762602078,71,1.244757275279021,1.7228843559907145,10.0,6.324555320336759
762602078,72,1.244757275279021,1.6011085659744357,10.0,2.8284271247461903
762602078,73,1.244757275279021,1.6985537247308307,10.0,7.211102550927978
762602078,74,1.244757275279021,1.6248412492456807,10.0,18.110770276274835
762602078,75,1.244757275279021,1.6016475899284706,10.0,6.324555320336759
762602078,76,1.244757275279021,1.6766060107200624,10.0,12.649110640673518
762602078,77,1.244757275279021,1.7141547387584442,10.0,15.231546211727817
762602078,78,1.244757275279021,1.7269601558901908,10.0,16.1245154965971
762602078,79,1.244757275279021,1.7182765272171838,10.0,15.231546211727817
762602078,80,1.244757275279021,1.7014354927302984,10.0,4.47213595499958
762602078,81,1.244757275279021,1.6676692352020976,10.0,14.142135623730951
762602078,82,1.244757275279021,1.7259680704063458,10.0,14.422205101855956
762602078,83,1.244757275279021,1.6747921109679533,10.0,10.770329614269007
762602078,84,1.244757275279021,1.7368833469588594,10.0,14.142135623730951
762602078,85,1.244757275279021,1.7105650316310932,10.0,8.94427190999916
762602078,86,1.244757275279021,1.6465987691394088,10.0,8.48528137423857
762602078,87,1.244757275279021,1.657022928157481,10.0,17.88854381999832
762602078,88,1.244757275279021,1.6865056127613391,10.0,2.0
762602078,89,1.244757275279021,1.699841624993011,10.0,6.0
762602078,90,1.244757275279021,1.7092662252376127,10.0,12.649110640673518
762602078,91,1.244757275279021,1.6590686965758945,10.0,8.246211251235321
762602078,92,1.244757275279021,1.7076843902547887,10.0,6.324555320336759
762602078,93,1.244757275279021,1.6504134507062402,10.0,8.0
762602078,94,1.244757275279021,1.616425354574231,10.0,14.142135623730951
762602078,95,1.244757275279021,1.7367162697963312,10.0,11.661903789690601
762602078,96,1.244757275279021,1.735316397525311,10.0,0.0
762602078,97,1.244757275279021,1.5592470017968825,10.0,6.0
762602078,98,1.244757275279021,1.7247733731614099,10.0,5.656854249492381
762602078,99,1.244757275279021,1.6173238999710284,10.0,8.0
715093703,0,0.3771542086859788,0.5994177288600949,19.79898987322333,36.22154055254967
715093703,1,0.3771542086859788,0.7366509891369003,19.79898987322333,28.0
715093703,2,0.3771542086859788,0.6639518736871769,19.79898987322333,14.0
715093703,3,0.3771542086859788,0.6925735386687054,19.79898987322333,38.8329756778952
715093703,4,0.3771542086859788,0.7394883819402549,19.79898987322333,18.973665961010276
715093703,5,0.3771542086859788,0.6721419533550224,19.79898987322333,16.0
715093703,6,0.3771542086859788,0.6743619311172758,19.79898987322333,51.264022471905186
715093703,7,0.3771542086859788,0.6854138921109036,19.79898987322333,34.058772731852805
715093703,8,0.3771542086859788,0.6768727506139515,19.79898987322333,16.492422502470642
715093703,9,0.3771542086859788,0.6585936019104495,19.79898987322333,25.059928172283335
715093703,10,0.3771542086859788,0.6920285274668561,19.79898987322333,26.0
715093703,11,0.3771542086859788,0.7367109447800492,19.79898987322333,27.202941017470888
715093703,12,0.3771542086859788,0.6783391327185335,19.79898987322333,27.784887978899608
715093703,13,0.3771542086859788,0.6731634307781771,19.79898987322333,28.844410203711913
715093703,14,0.3771542086859788,0.6261076013375457,19.79898987322333,28.635642126552707
715093703,15,0.3771542086859788,0.7055987702270458,19.79898987322333,28.844410203711913
715093703,16,0.3771542086859788,0.6904952275960592,19.79898987322333,53.14132102234569
715093703,17,0.3771542086859788,0.7188768750835453,19.79898987322333,21.633307652783937
715093703,18,0.3771542086859788,0.6437593272638418,19.79898987322333,18.973665961010276
715093703,19,0.3771542086859788,0.7001185984190397,19.79898987322333,22.360679774997898
715093703,20,0.3771542086859788,0.6531769196500589,19.79898987322333,15.620499351813308
715093703,21,0.3771542086859788,0.6720578619591584,19.79898987322333,26.832815729997478
715093703,22,0.3771542086859788,0.7615169647921237,19.79898987322333,28.0
715093703,23,0.3771542086859788,0.6830290483256464,19.79898987322333,26.0
715093703,24,0.3771542086859788,0.7186117466040826,19.79898987322333,15.620499351813308
715093703,25,0.3771542086859788,0.6767364091308342,19.79898987322333,12.649110640673518
715093703,26,0.3771542086859788,0.7017549852976172,19.79898987322333,22.0
715093703,27,0.3771542086859788,0.6984134062409972,19.79898987322333,29.5296461204668
715093703,28,0.3771542086859788,0.5555066809927417,19.79898987322333,32.2490309931942
715093703,29,0.3771542086859788,0.570269968361708,19.79898987322333,14.142135623730951
715093703,30,0.3771542086859788,0.6630019705370457,19.79898987322333,55.78530272392541
715093703,31,0.3771542086859788,0.6557738584524481,19.79898987322333,20.591260281974
715093703,32,0.3771542086859788,0.7112388385196761,19.79898987322333,26.0
715093703,33,0.3771542086859788,0.703118091227842,19.79898987322333,11.661903789690601
715093703,34,0.3771542086859788,0.6582966490070935,19.79898987322333,58.240879114244144
715093703,35,0.3771542086859788,0.6719402688018578,19.79898987322333,22.0
715093703,36,0.3771542086859788,0.7278580589004046,19.79898987322333,30.463092423455635
715093703,37,0.3771542086859788,0.6923855624166422,19.79898987322333,17.08800749063506
715093703,38,0.3771542086859788,0.7121392974192553,19.79898987322333,25.298221281347036
715093703,39,0.3771542086859788,0.7258307925609085,19.79898987322333,18.439088914585774
715093703,40,0.3771542086859788,0.6885897574780776,19.79898987322333,14.560219778561036
715093703,41,0.3771542086859788,0.6351907582073963,19.79898987322333,61.773780845922005
715093703,42,0.3771542086859788,0.6763667000757453,19.79898987322333,19.697715603592208
715093703,43,0.3771542086859788,0.673748374477998,19.79898987322333,25.059928172283335
715093703,44,0.3771542086859788,0.700313906248568,19.79898987322333,33.1058907144937
715093703,45,0.3771542086859788,0.643378154967321,19.79898987322333,34.92849839314596
715093703,46,0.3771542086859788,0.6855537306268424,19.79898987322333,26.076809620810597
715093703,47,0.3771542086859788,0.7175971792989769,19.79898987322333,18.439088914585774
715093703,48,0.3771542086859788,0.6568685385953654,19.79898987322333,42.941821107167776
715093703,49,0.3771542086859788,0.7122831351998198,19.79898987322333,32.984845004941285
715093703,50,0.3771542086859788,0.7038022170987236,19.79898987322333,36.22154055254967
715093703,51,0.3771542086859788,0.6763088878697266,19.79898987322333,15.231546211727817
715093703,52,0.3771542086859788,0.5455478083627732,19.79898987322333,41.7612260356422
715093703,53,0.3771542086859788,0.657247031890271,19.79898987322333,28.635642126552707
715093703,54,0.3771542086859788,0.6764444557502248,19.79898987322333,26.0
715093703,55,0.3771542086859788,0.6648047865298442,19.79898987322333,27.85677655436824
715093703,56,0.3771542086859788,0.6351644736002388,19.79898987322333,27.85677655436824
715093703,57,0.3771542086859788,0.6500692620687508,19.79898987322333,10.770329614269007
715093703,58,0.3771542086859788,0.6948045626384882,19.79898987322333,10.0
715093703,59,0.3771542086859788,0.6992327347892603,19.79898987322333,23.40939982143925
715093703,60,0.3771542086859788,0.6538645032633618,19.79898987322333,20.0
715093703,61,0.3771542086859788,0.7293850637252842,19.79898987322333,28.0
715093703,62,0.3771542086859788,0.676698115804153,19.79898987322333,16.0
715093703,63,0.3771542086859788,0.5621272934010859,19.79898987322333,25.059928172283335
715093703,64,0.3771542086859788,0.7158010336875954,19.79898987322333,17.88854381999832
715093703,65,0.3771542086859788,0.6174866343888937,19.79898987322333,32.0624390837628
715093703,66,0.3771542086859788,0.7133995130577822,19.79898987322333,28.0
715093703,67,0.3771542086859788,0.6442383273145823,19.79898987322333,27.85677655436824
715093703,68,0.3771542086859788,0.7054738324816016,19.79898987322333,26.832815729997478
715093703,69,0.3771542086859788,0.6615687614850567,19.79898987322333,20.0
715093703,70,0.3771542086859788,0.6102599692088512,19.79898987322333,8.0
715093703,71,0.3771542086859788,0.6493134041506684,19.79898987322333,10.770329614269007
715093703,72,0.3771542086859788,0.7065192995478293,19.79898987322333,27.202941017470888
715093703,73,0.3771542086859788,0.6351012170327083,19.79898987322333,58.240879114244144
715093703,74,0.3771542086859788,0.731622472022584,19.79898987322333,30.265491900843113
715093703,75,0.3771542086859788,0.7158234926263467,19.79898987322333,14.142135623730951
715093703,76,0.3771542086859788,0.7022200860367626,19.79898987322333,14.422205101855956
715093703,77,0.3771542086859788,0.6543357208438855,19.79898987322333,17.88854381999832
715093703,78,0.3771542086859788,0.7209363305492541,19.79898987322333,24.08318915758459
715093703,79,0.3771542086859788,0.6687289066446839,19.79898987322333,20.396078054371138
715093703,80,0.3771542086859788,0.6943357046176569,19.79898987322333,39.84971769034255
715093703,81,0.3771542086859788,0.6321896653959724,19.79898987322333,24.0
715093703,82,0.3771542086859788,0.6792782004275029,19.79898987322333,37.20215047547655
715093703,83,0.3771542086859788,0.665570159461989,19.79898987322333,20.0
715093703,84,0.3771542086859788,0.7027612093491434,19.79898987322333,18.0
715093703,85,0.3771542086859788,0.6842419662439011,19.79898987322333,24.0
715093703,86,0.3771542086859788,0.6628540944159209,19.79898987322333,12.649110640673518
715093703,87,0.3771542086859788,0.6802397066618958,19.79898987322333,18.867962264113206
715093703,88,0.3771542086859788,0.6861478383203786,19.79898987322333,14.422205101855956
715093703,89,0.3771542086859788,0.6642215203853585,19.79898987322333,29.120439557122072
715093703,90,0.3771542086859788,0.6837609374516125,19.79898987322333,31.304951684997057
715093703,91,0.3771542086859788,0.6611449935237839,19.79898987322333,26.0
715093703,92,0.3771542086859788,0.6452046969644145,19.79898987322333,17.88854381999832
715093703,93,0.3771542086859788,0.5691635750522063,19.79898987322333,26.076809620810597
715093703,94,0.3771542086859788,0.6867540805651732,19.79898987322333,28.635642126552707
715093703,95,0.3771542086859788,0.7161402276186606,19.79898987322333,52.49761899362675
715093703,96,0.3771542086859788,0.5746427612711189,19.79898987322333,21.2602916254693
715093703,97,0.3771542086859788,0.7284310170472382,19.79898987322333,20.396078054371138
715093703,98,0.3771542086859788,0.7020934739893996,19.79898987322333,20.396078054371138
715093703,99,0.3771542086859788,0.7342751426617291,19.79898987322333,15.231546211727817
760345702,0,0.23930918049605204,0.4577766585925197,21.633307652783937,17.88854381999832
760345702,1,0.23930918049605204,0.4157539940646041,21.633307652783937,10.198039027185569
760345702,2,0.23930918049605204,0.4720200877337498,21.633307652783937,38.0
760345702,3,0.23930918049605204,0.42590653418152635,21.633307652783937,4.47213595499958
760345702,4,0.23930918049605204,0.3974915972893972,21.633307652783937,36.22154055254967
760345702,5,0.23930918049605204,0.4141117340499485,21.633307652783937,39.84971769034255
760345702,6,0.23930918049605204,0.4420258175759597,21.633307652783937,8.94427190999916
760345702,7,0.23930918049605204,0.436369417101229,21.633307652783937,39.84971769034255
760345702,8,0.23930918049605204,0.4222510567080848,21.633307652783937,34.9857113690718
760345702,9,0.23930918049605204,0.433612189166826,21.633307652783937,39.293765408777
760345702,10,0.23930918049605204,0.4105946780116214,21.633307652783937,39.293765408777
760345702,11,0.23930918049605204,0.4205732180533083,21.633307652783937,10.198039027185569
760345702,12,0.23930918049605204,0.4137823626474594,21.633307652783937,36.49657518178932
760345702,13,0.23930918049605204,0.42410159646187817,21.633307652783937,30.0
760345702,14,0.23930918049605204,0.3958518679724343,21.633307652783937,28.635642126552707
760345702,15,0.23930918049605204,0.4048758553882984,21.633307652783937,18.439088914585774
760345702,16,0.23930918049605204,0.4458198847029782,21.633307652783937,29.732137494637012
760345702,17,0.23930918049605204,0.3962241065905452,21.633307652783937,14.0
760345702,18,0.23930918049605204,0.44762923758767637,21.633307652783937,34.92849839314596
760345702,19,0.23930918049605204,0.39789640784893626,21.633307652783937,32.31098884280702
760345702,20,0.23930918049605204,0.43782393011112253,21.633307652783937,10.0
760345702,21,0.23930918049605204,0.4295480727940748,21.633307652783937,19.697715603592208
760345702,22,0.23930918049605204,0.39535819164321384,21.633307652783937,8.48528137423857
760345702,23,0.23930918049605204,0.4326554970547277,21.633307652783937,23.323807579381203
760345702,24,0.23930918049605204,0.4537088330557635,21.633307652783937,22.360679774997898
760345702,25,0.23930918049605204,0.43572147228510816,21.633307652783937,43.174066289845804
760345702,26,0.23930918049605204,0.45393561285658657,21.633307652783937,38.05259518088089
760345702,27,0.23930918049605204,0.4551832176803057,21.633307652783937,17.88854381999832
760345702,28,0.23930918049605204,0.45943544276100523,21.633307652783937,21.633307652783937
760345702,29,0.23930918049605204,0.43510772333368797,21.633307652783937,22.80350850198276
760345702,30,0.23930918049605204,0.42278091241647975,21.633307652783937,42.190046219457976
760345702,31,0.23930918049605204,0.4292798902003323,21.633307652783937,26.90724809414742
760345702,32,0.23930918049605204,0.44342709115588474,21.633307652783937,16.492422502470642
760345702,33,0.23930918049605204,0.38914670493247416,21.633307652783937,44.04543109109048
760345702,34,0.23930918049605204,0.4856587131783835,21.633307652783937,4.47213595499958
760345702,35,0.23930918049605204,0.4306333312609134,21.633307652783937,29.732137494637012
760345702,36,0.23930918049605204,0.43282901860623424,21.633307652783937,26.90724809414742
760345702,37,0.23930918049605204,0.4250879403184674,21.633307652783937,40.44749683231337
760345702,38,0.23930918049605204,0.4236242678363361,21.633307652783937,17.88854381999832
760345702,39,0.23930918049605204,0.43878196583783613,21.633307652783937,24.166091947189145
760345702,40,0.23930918049605204,0.4371868951852377,21.633307652783937,31.304951684997057
760345702,41,0.23930918049605204,0.44468472753661814,21.633307652783937,36.71511950137164
760345702,42,0.23930918049605204,0.40314380100532043,21.633307652783937,41.7612260356422
760345702,43,0.23930918049605204,0.43765863580492004,21.633307652783937,2.0
760345702,44,0.23930918049605204,0.4665000615832796,21.633307652783937,24.73863375370596
760345702,45,0.23930918049605204,0.4132755636749781,21.633307652783937,32.31098884280702
760345702,46,0.23930918049605204,0.410926599588483,21.633307652783937,0.0
760345702,47,0.23930918049605204,0.40372466907812354,21.633307652783937,8.0
760345702,48,0.23930918049605204,0.4361153683041266,21.633307652783937,16.1245154965971
760345702,49,0.23930918049605204,0.43580282256520453,21.633307652783937,2.8284271247461903
760345702,50,0.23930918049605204,0.398278803278601,21.633307652783937,42.04759208325728
760345702,51,0.23930918049605204,0.4195769724362397,21.633307652783937,39.395431207184416
760345702,52,0.23930918049605204,0.42425192779492227,21.633307652783937,34.17601498127012
760345702,53,0.23930918049605204,0.4295470357969794,21.633307652783937,14.142135623730951
760345702,54,0.23930918049605204,0.4738152511224891,21.633307652783937,12.0
760345702,55,0.23930918049605204,0.4416465913388502,21.633307652783937,13.416407864998739
760345702,56,0.23930918049605204,0.46463022381139685,21.633307652783937,40.44749683231337
760345702,57,0.23930918049605204,0.40020596031593264,21.633307652783937,24.08318915758459
760345702,58,0.23930918049605204,0.4181949255847802,21.633307652783937,8.94427190999916
760345702,59,0.23930918049605204,0.409058317903095,21.633307652783937,28.071337695236398
760345702,60,0.23930918049605204,0.4603902904879096,21.633307652783937,39.84971769034255
760345702,61,0.23930918049605204,0.39918131134909257,21.633307652783937,29.5296461204668
760345702,62,0.23930918049605204,0.4483209633335735,21.633307652783937,2.0
760345702,63,0.23930918049605204,0.43578974969701567,21.633307652783937,34.17601498127012
760345702,64,0.23930918049605204,0.450123894803813,21.633307652783937,2.8284271247461903
760345702,65,0.23930918049605204,0.4470264754069586,21.633307652783937,12.165525060596439
760345702,66,0.23930918049605204,0.4331374609128361,21.633307652783937,4.47213595499958
760345702,67,0.23930918049605204,0.4252970575529431,21.633307652783937,22.360679774997898
760345702,68,0.23930918049605204,0.41869373073171834,21.633307652783937,15.231546211727817
760345702,69,0.23930918049605204,0.4468408637517197,21.633307652783937,0.0
760345702,70,0.23930918049605204,0.4241112568892691,21.633307652783937,21.540659228538015
760345702,71,0.23930918049605204,0.4569470474928832,21.633307652783937,26.0
760345702,72,0.23930918049605204,0.4365782897744005,21.633307652783937,37.36308338453881
760345702,73,0.23930918049605204,0.4633200327701784,21.633307652783937,30.59411708155671
760345702,74,0.23930918049605204,0.46515609471515007,21.633307652783937,38.62641583165593
760345702,75,0.23930918049605204,0.4122705688769157,21.633307652783937,0.0
760345702,76,0.23930918049605204,0.45549497839256825,21.633307652783937,14.0
760345702,77,0.23930918049605204,0.4312321947665916,21.633307652783937,18.867962264113206
760345702,78,0.23930918049605204,0.41194052158534256,21.633307652783937,40.44749683231337
760345702,79,0.23930918049605204,0.46563657521888013,21.633307652783937,4.0
760345702,80,0.23930918049605204,0.4004551243278308,21.633307652783937,12.165525060596439
760345702,81,0.23930918049605204,0.43137196346278284,21.633307652783937,8.94427190999916
760345702,82,0.23930918049605204,0.43911407972509897,21.633307652783937,24.08318915758459
760345702,83,0.23930918049605204,0.4236817372499716,21.633307652783937,4.0
760345702,84,0.23930918049605204,0.45221383039883223,21.633307652783937,12.649110640673518
760345702,85,0.23930918049605204,0.43980417272766037,21.633307652783937,10.0
760345702,86,0.23930918049605204,0.417594424568574,21.633307652783937,38.2099463490856
760345702,87,0.23930918049605204,0.43203892881835415,21.633307652783937,44.27188724235731
760345702,88,0.23930918049605204,0.4535912362131621,21.633307652783937,40.19950248448356
760345702,89,0.23930918049605204,0.4322545074171332,21.633307652783937,40.19950248448356
760345702,90,0.23930918049605204,0.45260539393770105,21.633307652783937,4.0
760345702,91,0.23930918049605204,0.4443149251145112,21.633307652783937,18.110770276274835
760345702,92,0.23930918049605204,0.42408054238981296,21.633307652783937,31.304951684997057
760345702,93,0.23930918049605204,0.45600327951299513,21.633307652783937,2.0
760345702,94,0.23930918049605204,0.43648042867230374,21.633307652783937,6.0
760345702,95,0.23930918049605204,0.4293211188253806,21.633307652783937,12.806248474865697
760345702,96,0.23930918049605204,0.4145835090851956,21.633307652783937,20.0
760345702,97,0.23930918049605204,0.4054203517773828,21.633307652783937,20.8806130178211
760345702,98,0.23930918049605204,0.4277166564499203,21.633307652783937,20.09975124224178
760345702,99,0.23930918049605204,0.3802336500057777,21.633307652783937,6.324555320336759
719161530,0,0.3659863969513211,0.65762647493598,30.0,26.90724809414742
719161530,1,0.3659863969513211,0.6524591027165456,30.0,18.867962264113206
719161530,2,0.3659863969513211,0.6448278450011153,30.0,10.770329614269007
719161530,3,0.3659863969513211,0.6625824515721359,30.0,10.198039027185569
719161530,4,0.3659863969513211,0.6284281593080902,30.0,38.0
719161530,5,0.3659863969513211,0.5478506181099428,30.0,11.661903789690601
719161530,6,0.3659863969513211,0.6413654916985172,30.0,43.08131845707603
719161530,7,0.3659863969513211,0.6130007208264796,30.0,35.77708763999664
719161530,8,0.3659863969513211,0.6068956730022687,30.0,8.246211251235321
719161530,9,0.3659863969513211,0.5723040810269117,30.0,39.84971769034255
719161530,10,0.3659863969513211,0.5296918898831116,30.0,20.8806130178211
719161530,11,0.3659863969513211,0.6218419948158993,30.0,26.0
719161530,12,0.3659863969513211,0.6152831535856735,30.0,13.416407864998739
719161530,13,0.3659863969513211,0.6170455915078026,30.0,8.48528137423857
719161530,14,0.3659863969513211,0.6161686337287239,30.0,13.416407864998739
719161530,15,0.3659863969513211,0.6156607542375644,30.0,32.0624390837628
719161530,16,0.3659863969513211,0.6302126930249332,30.0,30.59411708155671
719161530,17,0.3659863969513211,0.6071837546961126,30.0,41.182520563948
719161530,18,0.3659863969513211,0.6501998429406554,30.0,4.47213595499958
719161530,19,0.3659863969513211,0.6303440326180128,30.0,36.0
719161530,20,0.3659863969513211,0.6428570224083211,30.0,23.40939982143925
719161530,21,0.3659863969513211,0.5203391020201509,30.0,20.396078054371138
719161530,22,0.3659863969513211,0.6462063986623334,30.0,11.661903789690601
719161530,23,0.3659863969513211,0.620442831897599,30.0,17.08800749063506
719161530,24,0.3659863969513211,0.6348368907243359,30.0,38.2099463490856
719161530,25,0.3659863969513211,0.587697450957628,30.0,43.08131845707603
719161530,26,0.3659863969513211,0.5762989883611122,30.0,10.0
719161530,27,0.3659863969513211,0.663869038866948,30.0,8.246211251235321
719161530,28,0.3659863969513211,0.6463687939039428,30.0,20.591260281974
719161530,29,0.3659863969513211,0.5869022718277271,30.0,14.142135623730951
719161530,30,0.3659863969513211,0.5904239334364005,30.0,14.142135623730951
719161530,31,0.3659863969513211,0.6696198806877356,30.0,26.0
719161530,32,0.3659863969513211,0.648846855604536,30.0,8.246211251235321
719161530,33,0.3659863969513211,0.5701358194275791,30.0,34.52535300326414
719161530,34,0.3659863969513211,0.6228706435189408,30.0,18.439088914585774
719161530,35,0.3659863969513211,0.6195577027731246,30.0,38.62641583165593
719161530,36,0.3659863969513211,0.667808169864286,30.0,11.313708498984761
719161530,37,0.3659863969513211,0.6396396909961038,30.0,15.231546211727817
719161530,38,0.3659863969513211,0.600245822174498,30.0,8.94427190999916
719161530,39,0.3659863969513211,0.5813453721301567,30.0,31.304951684997057
719161530,40,0.3659863969513211,0.5481373743937172,30.0,10.770329614269007
719161530,41,0.3659863969513211,0.6262235165113877,30.0,10.198039027185569
719161530,42,0.3659863969513211,0.6370825078831777,30.0,10.770329614269007
719161530,43,0.3659863969513211,0.6530573108922727,30.0,28.0
719161530,44,0.3659863969513211,0.5845707703293153,30.0,7.211102550927978
719161530,45,0.3659863969513211,0.6462350692356261,30.0,31.622776601683793
719161530,46,0.3659863969513211,0.5941660310786073,30.0,12.806248474865697
719161530,47,0.3659863969513211,0.5394250937880416,30.0,27.202941017470888
719161530,48,0.3659863969513211,0.6508351272398119,30.0,10.198039027185569
719161530,49,0.3659863969513211,0.6174219406912532,30.0,13.416407864998739
719161530,50,0.3659863969513211,0.6492463014465677,30.0,12.649110640673518
719161530,51,0.3659863969513211,0.644038709043484,30.0,13.416407864998739
719161530,52,0.3659863969513211,0.6088359836698682,30.0,17.204650534085253
719161530,53,0.3659863969513211,0.6163394717892104,30.0,12.165525060596439
719161530,54,0.3659863969513211,0.656286278737228,30.0,26.68332812825267
719161530,55,0.3659863969513211,0.6510906498319958,30.0,36.22154055254967
719161530,56,0.3659863969513211,0.6658903240419957,30.0,2.8284271247461903
719161530,57,0.3659863969513211,0.6371558947750396,30.0,20.591260281974
719161530,58,0.3659863969513211,0.6572566909356345,30.0,26.076809620810597
719161530,59,0.3659863969513211,0.6034517269334115,30.0,26.076809620810597
719161530,60,0.3659863969513211,0.6293568400915855,30.0,12.806248474865697
719161530,61,0.3659863969513211,0.5829549678913352,30.0,7.211102550927978
719161530,62,0.3659863969513211,0.621698926602982,30.0,32.0624390837628
719161530,63,0.3659863969513211,0.6020651987299505,30.0,12.806248474865697
719161530,64,0.3659863969513211,0.6548649612867966,30.0,30.066592756745816
719161530,65,0.3659863969513211,0.5567726453545622,30.0,10.770329614269007
719161530,66,0.3659863969513211,0.6444496443004614,30.0,42.37924020083418
719161530,67,0.3659863969513211,0.5349943511662207,30.0,22.360679774997898
719161530,68,0.3659863969513211,0.6279473997416547,30.0,35.4400902933387
719161530,69,0.3659863969513211,0.5906534624623545,30.0,28.071337695236398
719161530,70,0.3659863969513211,0.5942829676585332,30.0,6.324555320336759
719161530,71,0.3659863969513211,0.6641774150751358,30.0,26.832815729997478
719161530,72,0.3659863969513211,0.6606960112715985,30.0,21.540659228538015
719161530,73,0.3659863969513211,0.5573004031240206,30.0,21.633307652783937
719161530,74,0.3659863969513211,0.6563004857403216,30.0,18.439088914585774
719161530,75,0.3659863969513211,0.5472737061526153,30.0,37.36308338453881
719161530,76,0.3659863969513211,0.6757773100845141,30.0,10.770329614269007
719161530,77,0.3659863969513211,0.6544096638054129,30.0,20.8806130178211
719161530,78,0.3659863969513211,0.5257361367294722,30.0,12.806248474865697
719161530,79,0.3659863969513211,0.6388882981300014,30.0,11.661903789690601
719161530,80,0.3659863969513211,0.5750712589725855,30.0,2.0
719161530,81,0.3659863969513211,0.629073347202678,30.0,22.360679774997898
719161530,82,0.3659863969513211,0.5342587064584657,30.0,50.635955604688654
719161530,83,0.3659863969513211,0.6813688452876949,30.0,20.8806130178211
719161530,84,0.3659863969513211,0.6514702258442051,30.0,23.323807579381203
719161530,85,0.3659863969513211,0.5393999094360831,30.0,20.591260281974
719161530,86,0.3659863969513211,0.5201308958361002,30.0,25.059928172283335
719161530,87,0.3659863969513211,0.6038669819938555,30.0,12.806248474865697
719161530,88,0.3659863969513211,0.6216285580291047,30.0,8.94427190999916
719161530,89,0.3659863969513211,0.6582903664870756,30.0,34.058772731852805
719161530,90,0.3659863969513211,0.6604277873181271,30.0,20.0
719161530,91,0.3659863969513211,0.6143634386985248,30.0,40.24922359499622
719161530,92,0.3659863969513211,0.49455243064851795,30.0,20.591260281974
719161530,93,0.3659863969513211,0.645868584604431,30.0,11.313708498984761
719161530,94,0.3659863969513211,0.6463409994099909,30.0,11.661903789690601
719161530,95,0.3659863969513211,0.5457086410843073,30.0,43.174066289845804
719161530,96,0.3659863969513211,0.5914351946049038,30.0,34.92849839314596
719161530,97,0.3659863969513211,0.5226414301562641,30.0,10.198039027185569
719161530,98,0.3659863969513211,0.5162163321133999,30.0,34.0
719161530,99,0.3659863969513211,0.5887842931117409,30.0,17.204650534085253
759883607,0,0.8467499615000187,1.2697059490106173,22.627416997969522,27.202941017470888
759883607,1,0.8467499615000187,1.2279017577153073,22.627416997969522,11.661903789690601
759883607,2,0.8467499615000187,1.2795419777165493,22.627416997969522,16.97056274847714
759883607,3,0.8467499615000187,1.2621705550170228,22.627416997969522,27.784887978899608
759883607,4,0.8467499615000187,0.9838173439146539,22.627416997969522,20.591260281974
759883607,5,0.8467499615000187,1.2824091939009905,22.627416997969522,31.11269837220809
759883607,6,0.8467499615000187,1.269760760388951,22.627416997969522,20.591260281974
759883607,7,0.8467499615000187,1.2530742436810665,22.627416997969522,24.73863375370596
759883607,8,0.8467499615000187,1.0071724880408808,22.627416997969522,19.697715603592208
759883607,9,0.8467499615000187,1.219126613673544,22.627416997969522,20.396078054371138
759883607,10,0.8467499615000187,1.0406010362055986,22.627416997969522,19.697715603592208
759883607,11,0.8467499615000187,1.0171859114053015,22.627416997969522,12.165525060596439
759883607,12,0.8467499615000187,0.9635760123106545,22.627416997969522,21.2602916254693
759883607,13,0.8467499615000187,1.0690439920395494,22.627416997969522,11.661903789690601
759883607,14,0.8467499615000187,1.258069018757651,22.627416997969522,16.1245154965971
759883607,15,0.8467499615000187,1.2485766447882234,22.627416997969522,31.622776601683793
759883607,16,0.8467499615000187,1.2396264170660425,22.627416997969522,24.73863375370596
759883607,17,0.8467499615000187,1.2475219964289357,22.627416997969522,21.540659228538015
759883607,18,0.8467499615000187,1.2688132746866452,22.627416997969522,21.2602916254693
759883607,19,0.8467499615000187,1.0994581801255192,22.627416997969522,20.591260281974
759883607,20,0.8467499615000187,1.243099896842721,22.627416997969522,12.0
759883607,21,0.8467499615000187,1.234114372120749,22.627416997969522,27.784887978899608
759883607,22,0.8467499615000187,1.2703800439407793,22.627416997969522,29.732137494637012
759883607,23,0.8467499615000187,1.2215680588639413,22.627416997969522,19.697715603592208
759883607,24,0.8467499615000187,1.1177153210075108,22.627416997969522,22.090722034374522
759883607,25,0.8467499615000187,1.212567813650522,22.627416997969522,14.422205101855956
759883607,26,0.8467499615000187,1.249543954888602,22.627416997969522,28.844410203711913
759883607,27,0.8467499615000187,1.2744577603127927,22.627416997969522,20.8806130178211
759883607,28,0.8467499615000187,1.2424151888898378,22.627416997969522,10.770329614269007
759883607,29,0.8467499615000187,1.0960043512290585,22.627416997969522,20.591260281974
759883607,30,0.8467499615000187,0.9482469760288292,22.627416997969522,23.40939982143925
759883607,31,0.8467499615000187,1.2343021045333038,22.627416997969522,11.661903789690601
759883607,32,0.8467499615000187,1.2598710957199208,22.627416997969522,22.627416997969522
759883607,33,0.8467499615000187,1.2699566315138149,22.627416997969522,29.732137494637012
759883607,34,0.8467499615000187,1.2265568505190376,22.627416997969522,31.240998703626616
759883607,35,0.8467499615000187,0.9990244700765974,22.627416997969522,11.661903789690601
759883607,36,0.8467499615000187,1.2705049582088157,22.627416997969522,12.649110640673518
759883607,37,0.8467499615000187,1.1868492671969717,22.627416997969522,14.422205101855956
759883607,38,0.8467499615000187,1.2049132494021857,22.627416997969522,29.732137494637012
759883607,39,0.8467499615000187,1.2097299926111693,22.627416997969522,24.73863375370596
759883607,40,0.8467499615000187,1.240054605978516,22.627416997969522,31.622776601683793
759883607,41,0.8467499615000187,1.1919037773287133,22.627416997969522,24.08318915758459
759883607,42,0.8467499615000187,1.2517803813849322,22.627416997969522,19.697715603592208
759883607,43,0.8467499615000187,1.1045901460544283,22.627416997969522,31.622776601683793
759883607,44,0.8467499615000187,1.0384128710529952,22.627416997969522,32.55764119219941
759883607,45,0.8467499615000187,1.2638052951087015,22.627416997969522,24.08318915758459
759883607,46,0.8467499615000187,1.2084047860970757,22.627416997969522,23.40939982143925
759883607,47,0.8467499615000187,1.269216095828289,22.627416997969522,11.661903789690601
759883607,48,0.8467499615000187,1.270511845898984,22.627416997969522,10.770329614269007
759883607,49,0.8467499615000187,1.2686118682088598,22.627416997969522,32.0624390837628
759883607,50,0.8467499615000187,1.2263084411800003,22.627416997969522,24.08318915758459
759883607,51,0.8467499615000187,1.2670761153429673,22.627416997969522,53.85164807134504
759883607,52,0.8467499615000187,1.246686033735521,22.627416997969522,10.770329614269007
759883607,53,0.8467499615000187,1.1738538174657693,22.627416997969522,31.304951684997057
759883607,54,0.8467499615000187,1.1996967790670467,22.627416997969522,12.806248474865697
759883607,55,0.8467499615000187,1.2883578873587425,22.627416997969522,22.360679774997898
759883607,56,0.8467499615000187,1.2265022823322997,22.627416997969522,32.55764119219941
759883607,57,0.8467499615000187,1.01904970795308,22.627416997969522,55.31726674375732
759883607,58,0.8467499615000187,1.2626709352520973,22.627416997969522,24.413111231467404
759883607,59,0.8467499615000187,1.2912786654336357,22.627416997969522,28.42534080710379
759883607,60,0.8467499615000187,0.9486204673272424,22.627416997969522,14.142135623730951
759883607,61,0.8467499615000187,1.200403436281117,22.627416997969522,20.0
759883607,62,0.8467499615000187,1.176552824965042,22.627416997969522,30.528675044947494
759883607,63,0.8467499615000187,1.2415656967970303,22.627416997969522,27.202941017470888
759883607,64,0.8467499615000187,0.8962429065658359,22.627416997969522,12.806248474865697
759883607,65,0.8467499615000187,1.2691212605582434,22.627416997969522,22.627416997969522
759883607,66,0.8467499615000187,1.2170206922925497,22.627416997969522,8.246211251235321
759883607,67,0.8467499615000187,1.2540744649449336,22.627416997969522,32.55764119219941
759883607,68,0.8467499615000187,1.2544695669225672,22.627416997969522,26.0
759883607,69,0.8467499615000187,1.2706075147805846,22.627416997969522,20.591260281974
759883607,70,0.8467499615000187,1.1095698778470366,22.627416997969522,25.298221281347036
759883607,71,0.8467499615000187,1.248594980822981,22.627416997969522,23.40939982143925
759883607,72,0.8467499615000187,1.0254078254283778,22.627416997969522,24.08318915758459
759883607,73,0.8467499615000187,1.0391157592166407,22.627416997969522,12.806248474865697
759883607,74,0.8467499615000187,1.0915808730097685,22.627416997969522,19.697715603592208
759883607,75,0.8467499615000187,1.191421263007519,22.627416997969522,15.620499351813308
759883607,76,0.8467499615000187,1.0117090513341136,22.627416997969522,25.059928172283335
759883607,77,0.8467499615000187,1.23289087904689,22.627416997969522,20.396078054371138
759883607,78,0.8467499615000187,1.259682345378528,22.627416997969522,25.298221281347036
759883607,79,0.8467499615000187,1.2336557528881253,22.627416997969522,15.620499351813308
759883607,80,0.8467499615000187,1.0941566508323228,22.627416997969522,18.439088914585774
759883607,81,0.8467499615000187,1.183594257422348,22.627416997969522,19.697715603592208
759883607,82,0.8467499615000187,1.157237509476831,22.627416997969522,18.439088914585774
759883607,83,0.8467499615000187,1.2370336469178882,22.627416997969522,30.528675044947494
759883607,84,0.8467499615000187,1.2266369924207363,22.627416997969522,17.204650534085253
759883607,85,0.8467499615000187,1.216476617148457,22.627416997969522,11.661903789690601
759883607,86,0.8467499615000187,1.2294312842841475,22.627416997969522,20.591260281974
759883607,87,0.8467499615000187,1.2417182173715333,22.627416997969522,29.732137494637012
759883607,88,0.8467499615000187,1.2338462361889146,22.627416997969522,12.0
759883607,89,0.8467499615000187,1.2669206735350214,22.627416997969522,18.439088914585774
759883607,90,0.8467499615000187,1.0830690843787534,22.627416997969522,19.79898987322333
759883607,91,0.8467499615000187,1.217904414166947,22.627416997969522,10.198039027185569
759883607,92,0.8467499615000187,1.2046824359514827,22.627416997969522,31.240998703626616
759883607,93,0.8467499615000187,1.148374910586246,22.627416997969522,22.80350850198276
759883607,94,0.8467499615000187,1.109396726546903,22.627416997969522,26.90724809414742
759883607,95,0.8467499615000187,1.2526945244021022,22.627416997969522,33.28663395418648
759883607,96,0.8467499615000187,1.250657475341372,22.627416997969522,24.413111231467404
759883607,97,0.8467499615000187,1.2512829699847265,22.627416997969522,21.2602916254693
759883607,98,0.8467499615000187,1.2706713435768366,22.627416997969522,20.396078054371138
759883607,99,0.8467499615000187,1.1333945991544394,22.627416997969522,21.633307652783937
835479236,0,0.39916690216349526,0.8206199411089068,51.61395160225576,29.732137494637012
835479236,1,0.39916690216349526,0.813180465535813,51.61395160225576,50.11985634456667
835479236,2,0.39916690216349526,0.696760318032026,51.61395160225576,13.416407864998739
835479236,3,0.39916690216349526,0.6412307687626919,51.61395160225576,50.0
835479236,4,0.39916690216349526,0.7557878718008985,51.61395160225576,66.48308055437865
835479236,5,0.39916690216349526,0.7492161191962431,51.61395160225576,10.198039027185569
835479236,6,0.39916690216349526,0.8183414153771588,51.61395160225576,12.649110640673518
835479236,7,0.39916690216349526,0.7827716782060548,51.61395160225576,16.1245154965971
835479236,8,0.39916690216349526,0.8040216943793077,51.61395160225576,11.661903789690601
835479236,9,0.39916690216349526,0.7653428564838349,51.61395160225576,30.0
835479236,10,0.39916690216349526,0.7329089737405643,51.61395160225576,10.198039027185569
835479236,11,0.39916690216349526,0.8630086146537225,51.61395160225576,75.6042326857432
835479236,12,0.39916690216349526,0.8640707785161423,51.61395160225576,20.0
835479236,13,0.39916690216349526,0.6961312552157954,51.61395160225576,21.540659228538015
835479236,14,0.39916690216349526,0.7288598822671672,51.61395160225576,0.0
835479236,15,0.39916690216349526,0.7312031774291562,51.61395160225576,49.678969393496885
835479236,16,0.39916690216349526,0.6716088599456091,51.61395160225576,32.55764119219941
835479236,17,0.39916690216349526,0.6940716339814306,51.61395160225576,10.0
835479236,18,0.39916690216349526,0.8186106136951536,51.61395160225576,48.82622246293481
835479236,19,0.39916690216349526,0.7762541063458085,51.61395160225576,6.0
835479236,20,0.39916690216349526,0.7253079825563465,51.61395160225576,24.73863375370596
835479236,21,0.39916690216349526,0.7371980599655295,51.61395160225576,29.732137494637012
835479236,22,0.39916690216349526,0.7311527857324182,51.61395160225576,63.655321851358195
835479236,23,0.39916690216349526,0.7011905933288071,51.61395160225576,28.284271247461902
835479236,24,0.39916690216349526,0.7063837041841036,51.61395160225576,14.422205101855956
835479236,25,0.39916690216349526,0.7811454262016497,51.61395160225576,24.413111231467404
835479236,26,0.39916690216349526,0.6918804909158146,51.61395160225576,63.7808748764079
835479236,27,0.39916690216349526,0.7047299062520004,51.61395160225576,18.439088914585774
835479236,28,0.39916690216349526,0.8141251388668259,51.61395160225576,43.266615305567875
835479236,29,0.39916690216349526,0.7570854897339367,51.61395160225576,54.037024344425184
835479236,30,0.39916690216349526,0.6914444473103424,51.61395160225576,14.422205101855956
835479236,31,0.39916690216349526,0.7773368016345941,51.61395160225576,6.324555320336759
835479236,32,0.39916690216349526,0.703583500094644,51.61395160225576,20.591260281974
835479236,33,0.39916690216349526,0.7347999134755914,51.61395160225576,20.591260281974
835479236,34,0.39916690216349526,0.6392441998041763,51.61395160225576,50.99019513592785
835479236,35,0.39916690216349526,0.7642869924547846,51.61395160225576,26.0
835479236,36,0.39916690216349526,0.7084599866345457,51.61395160225576,58.412327466040935
835479236,37,0.39916690216349526,0.8254828805741048,51.61395160225576,10.0
835479236,38,0.39916690216349526,0.7658014290773884,51.61395160225576,50.47771785649585
835479236,39,0.39916690216349526,0.7795109238347192,51.61395160225576,38.2099463490856
835479236,40,0.39916690216349526,0.7613131621633158,51.61395160225576,18.867962264113206
835479236,41,0.39916690216349526,0.690533511015508,51.61395160225576,60.8276253029822
835479236,42,0.39916690216349526,0.7235114046867646,51.61395160225576,48.82622246293481
835479236,43,0.39916690216349526,0.7815157660928267,51.61395160225576,14.142135623730951
835479236,44,0.39916690216349526,0.6052545979460384,51.61395160225576,50.47771785649585
835479236,45,0.39916690216349526,0.7344624995117616,51.61395160225576,70.76722405181653
835479236,46,0.39916690216349526,0.60753133332845,51.61395160225576,26.076809620810597
835479236,47,0.39916690216349526,0.7486545067993573,51.61395160225576,20.8806130178211
835479236,48,0.39916690216349526,0.7239386446839007,51.61395160225576,4.47213595499958
835479236,49,0.39916690216349526,0.7861810548807925,51.61395160225576,60.959002616512684
835479236,50,0.39916690216349526,0.7977134285535359,51.61395160225576,72.13875518748573
835479236,51,0.39916690216349526,0.8684464761818111,51.61395160225576,30.0
835479236,52,0.39916690216349526,0.7323861119266443,51.61395160225576,20.0
835479236,53,0.39916690216349526,0.7559137655054338,51.61395160225576,12.0
835479236,54,0.39916690216349526,0.649319450624688,51.61395160225576,59.665735560705194
835479236,55,0.39916690216349526,0.7100167956521741,51.61395160225576,16.492422502470642
835479236,56,0.39916690216349526,0.6947296402619787,51.61395160225576,60.959002616512684
835479236,57,0.39916690216349526,0.7791424479523819,51.61395160225576,17.88854381999832
835479236,58,0.39916690216349526,0.7378439081556721,51.61395160225576,51.22499389946279
835479236,59,0.39916690216349526,0.746533812723714,51.61395160225576,15.231546211727817
835479236,60,0.39916690216349526,0.7106857380291632,51.61395160225576,26.68332812825267
835479236,61,0.39916690216349526,0.7353623736854707,51.61395160225576,18.973665961010276
835479236,62,0.39916690216349526,0.7509462211887075,51.61395160225576,15.620499351813308
835479236,63,0.39916690216349526,0.7415899816895766,51.61395160225576,18.439088914585774
835479236,64,0.39916690216349526,0.6956786796198583,51.61395160225576,26.832815729997478
835479236,65,0.39916690216349526,0.7867767267774268,51.61395160225576,17.204650534085253
835479236,66,0.39916690216349526,0.7608746523873989,51.61395160225576,7.211102550927978
835479236,67,0.39916690216349526,0.7849688695886616,51.61395160225576,6.0
835479236,68,0.39916690216349526,0.7963655349379835,51.61395160225576,24.73863375370596
835479236,69,0.39916690216349526,0.745189947196671,51.61395160225576,12.165525060596439
835479236,70,0.39916690216349526,0.82611189933253,51.61395160225576,29.5296461204668
835479236,71,0.39916690216349526,0.8235264628055788,51.61395160225576,18.973665961010276
835479236,72,0.39916690216349526,0.7776375100419718,51.61395160225576,16.0
835479236,73,0.39916690216349526,0.732693417644747,51.61395160225576,32.55764119219941
835479236,74,0.39916690216349526,0.7870116724046028,51.61395160225576,16.1245154965971
835479236,75,0.39916690216349526,0.8099891173658151,51.61395160225576,24.0
835479236,76,0.39916690216349526,0.668216733530013,51.61395160225576,2.8284271247461903
835479236,77,0.39916690216349526,0.7965841855351112,51.61395160225576,49.39635614091387
835479236,78,0.39916690216349526,0.7058871440324812,51.61395160225576,47.70744176750625
835479236,79,0.39916690216349526,0.7306202107615404,51.61395160225576,64.89992295835181
835479236,80,0.39916690216349526,0.7113021402624192,51.61395160225576,26.68332812825267
835479236,81,0.39916690216349526,0.7674429335961973,51.61395160225576,60.03332407921454
835479236,82,0.39916690216349526,0.7510048191153975,51.61395160225576,57.584720195551874
835479236,83,0.39916690216349526,0.7677904675055571,51.61395160225576,53.665631459994955
835479236,84,0.39916690216349526,0.7057190068456065,51.61395160225576,58.0
835479236,85,0.39916690216349526,0.6999755292450736,51.61395160225576,12.0
835479236,86,0.39916690216349526,0.680411459663395,51.61395160225576,18.110770276274835
835479236,87,0.39916690216349526,0.7800726089067059,51.61395160225576,14.422205101855956
835479236,88,0.39916690216349526,0.7653385999826836,51.61395160225576,16.492422502470642
835479236,89,0.39916690216349526,0.7665463796052059,51.61395160225576,5.656854249492381
835479236,90,0.39916690216349526,0.8196190059324802,51.61395160225576,28.284271247461902
835479236,91,0.39916690216349526,0.8146000713077151,51.61395160225576,22.090722034374522
835479236,92,0.39916690216349526,0.6896614141921482,51.61395160225576,28.071337695236398
835479236,93,0.39916690216349526,0.6502557823403377,51.61395160225576,14.560219778561036
835479236,94,0.39916690216349526,0.7910151691484051,51.61395160225576,48.82622246293481
835479236,95,0.39916690216349526,0.8188109400381063,51.61395160225576,24.166091947189145
835479236,96,0.39916690216349526,0.8027711476158428,51.61395160225576,16.1245154965971
835479236,97,0.39916690216349526,0.7307986513555864,51.61395160225576,72.80109889280519
835479236,98,0.39916690216349526,0.8086128099106888,51.61395160225576,70.71067811865476
835479236,99,0.39916690216349526,0.8109570244662628,51.61395160225576,61.220911460055866
