unit_id,modulation_index
5000000,
5000001,
5000002,
5000003,
5000004,
5000005,1.7140983582043683
5000006,
5000007,
5000008,
5000009,1.2454930764654764
5000010,0.6931392392235375
5000011,0.7702920753701659
5000012,0.653707578609141
5000013,
5000014,1.5083228053692561
5000015,0.603369217666957
5000016,
5000017,1.2337400594207595
5000018,
5000019,0.6140045388384137
5000020,0.681637230258963
5000021,
5000022,1.5252798799983103
5000023,0.8406809041179467
5000024,0.8421656959277586
5000025,
5000026,
5000027,0.4884390425787116
5000028,
5000029,0.7071036841899117
5000030,1.2018793159300436
5000031,1.5843517943453445
5000032,0.6982390912544357
5000033,
5000034,
5000035,
5000036,
5000037,0.696284880046048
5000038,
5000039,
5000040,0.9569288940036741
5000041,
5000042,
5000043,0.6576520196567983
5000044,
5000045,
5000046,
5000047,
5000048,
5000049,
5000050,
5000051,
5000052,
5000053,1.4964298483885046
5000054,1.271558609675867
5000055,1.636935962367475
5000056,
5000057,0.8774005707288398
5000058,0.44440337769073696
5000059,0.8738533451999002
5000060,
5000061,
5000062,
5000063,
5000064,1.2963894307344395
5000065,1.24718909576224
5000066,1.660749753323572
5000067,
5000068,
5000069,
5000070,
5000071,0.6804351438633615
5000072,0.48689233965147627
5000073,
5000074,
5000075,
5000076,
5000077,
5000078,0.4152639330037691
5000079,
5000080,
5000081,
5000082,
5000083,
5000084,1.5527441135482714
5000085,0.8006226637908289
5000086,
5000087,0.619286324458621
5000088,1.318223750800872
5000089,
5000090,0.636348965980431
5000091,1.1785839410194685
5000092,
5000093,
5000094,1.5788432833856514
5000095,1.4868868828467958
5000096,1.6255891693193933
5000097,1.5470567766044503
5000098,1.2810123243406057
5000099,0.7397141708823904
5000100,0.687658074661884
5000101,0.5686426315879931
5000102,0.7391335744382134
5000103,0.4559281583477353
5000104,0.682535591907992
5000105,
5000106,
5000107,
5000108,1.0558966987892917
5000109,
5000110,
5000111,
5000112,0.9628344828849871
5000113,0.596040962450809
5000114,0.793716684205388
5000115,
5000116,0.7782893726212359
5000117,
5000118,1.2124458062367902
5000119,
5000120,
5000121,
5000122,
5000123,
5000124,0.7493485662125762
5000125,0.6483108786341458
5000126,
5000127,
5000128,
5000129,
5000130,
5000131,
5000132,
5000133,0.979358804637803
5000134,1.1786516998745655
5000135,0.6350555846494806
5000136,
5000137,1.5050423873881786
5000138,
5000139,0.9504077856997319
5000140,
5000141,
5000142,0.7954291111713427
5000143,0.90647794237878
5000144,0.5864271460352122
5000145,0.9008684028864877
5000146,0.9349557182088896
5000147,1.0733903190958267
5000148,
5000149,0.9770600537279777
5000150,1.5025109788648168
5000151,
5000152,
5000153,
5000154,
5000155,
5000156,
5000157,0.9924277835879162
5000158,1.4352825471325057
5000159,1.210610610862021
5000160,0.9143193516502754
5000161,0.873118869070691
5000162,0.7311362140004297
5000163,0.48309458983671333
5000164,1.0491517480612695
5000165,1.0426199967137588
5000166,1.0208133873646847
5000167,1.332860814218885
5000168,0.518164003274103
5000169,
5000170,1.4428900814187444
5000171,1.3026153590904932
5000172,1.112508476150167
5000173,0.5900898900203709
5000174,0.48489823551941375
5000175,1.1371839502858347
5000176,1.6651374580554992
5000177,0.6894762340976547
5000178,0.8572462343832309
5000179,0.7575572106918524
5000180,1.5222808045279772
5000181,0.5660548103535312
5000182,1.5316117440335428
5000183,1.36497723177907
5000184,0.7872919972676273
5000185,0.5850347935179625
5000186,1.0587328145009884
5000187,0.8873595889335858
5000188,0.5641219399277682
5000189,0.5060302993957954
5000190,0.5549448155546853
5000191,
5000192,1.0874706452410825
5000193,1.278617811060463
5000194,
5000195,
5000196,0.9561335077601367
5000197,0.6196299993393918
5000198,0.7637590753356996
5000199,
5000200,1.1823173435155883
5000201,
5000202,
5000203,
5000204,
5000205,
5000206,
5000207,
5000208,
5000209,
5000210,
5000211,1.0182306832152954
5000212,1.0078003745112631
5000213,0.6933004186115694
5000214,0.6199788750795275
5000215,
5000216,0.4814464498460349
5000217,1.0195723808345787
5000218,0.5566664034293832
5000219,1.2850285216440624
5000220,1.160338408715441
5000221,1.1115314881970557
5000222,0.7354128406989084
5000223,0.9457900278938957
5000224,1.6714266285237191
5000225,1.1830581852446165
5000226,0.5473185013688222
5000227,0.6964031800822349
5000228,0.9454029386300558
5000229,0.8877903397420583
5000230,0.865907171869378
5000231,0.6412812645094216
5000232,
5000233,0.8328817541901747
5000234,
5000235,1.2609216804886754
5000236,0.7944987531650632
5000237,
5000238,
5000239,1.4048833155073803
5000240,0.7453682870011775
5000241,0.7576106680216206
5000242,0.6548335800330397
5000243,0.7382406997777075
5000244,0.8642737454682088
5000245,0.8725813575428311
5000246,0.9888865225483648
5000247,1.1454080410883025
5000248,1.0154423236509633
5000249,0.8751003513840592
5000250,1.3109013688829245
5000251,1.0618686999520526
5000252,1.1101101918010505
5000253,0.7595820219073294
5000254,0.9338774216207201
5000255,0.9537023391410564
5000256,1.166756307849209
5000257,0.7773678335819535
5000258,1.475273179931577
5000259,1.3219254842997603
5000260,0.8510209003295865
5000261,1.1007440214988409
5000262,
5000263,1.1575047099703994
5000264,0.9087270107707671
5000265,1.5083078640678353
5000266,1.0842672406882645
5000267,
5000268,0.9395700346896437
5000269,0.743785509992445
5000270,1.1262865653886553
5000271,1.2172907323496949
5000272,
5000273,0.7689831561948565
5000274,0.9369385406123582
5000275,1.0194176635012995
5000276,0.6896807239475298
5000277,0.7905745885977241
5000278,0.9714450625016056
5000279,0.8038893505473147
5000280,0.9012851055136141
5000281,0.49370738411150644
5000282,0.6160495585962655
5000283,1.1347951804426726
5000284,0.3954850138992209
5000285,1.4398806244827733
5000286,
5000287,0.9844234155324214
5000288,
5000289,1.422099250122925
5000290,1.6090704011085626
5000291,1.2708291390116426
5000292,0.9439487902400486
5000293,1.1573107828244589
5000294,0.511729253031574
5000295,0.9356745499456888
5000296,0.8822910325629161
5000297,
5000298,1.6508643840468038
5000299,1.3751866202755998
5000300,1.1346783186176534
5000301,
5000302,
5000303,
5000304,
5000305,
5000306,1.283703130991853
5000307,1.019127506166646
5000308,
5000309,
5000310,1.065251148049664
5000311,1.3602931708866044
5000312,
5000313,
5000314,0.8264959173783167
5000315,1.7719504481567891
5000316,1.574598020451852
5000317,1.2221184146683968
5000318,
5000319,1.5649577314712493
5000320,1.7609885751281436
5000321,1.3588464359182797
5000322,
5000323,1.1869343647165922
5000324,0.8901011785934687
5000325,1.1158460603591212
5000326,0.5927891073188983
5000327,
5000328,
5000329,
5000330,1.4032922652866076
5000331,
5000332,1.1667622955478385
5000333,1.352493406462163
5000334,1.4617260930297808
5000335,0.9297402818272391
5000336,0.5802327127516197
5000337,
5000338,
5000339,
5000340,
5000341,1.0403750199481043
5000342,
5000343,1.2561488012743598
5000344,
5000345,1.1344238938970705
5000346,
5000347,
5000348,0.5452416734852673
5000349,
5000350,
5000351,
5000352,
5000353,0.8617210167195358
5000354,
5000355,1.5014196850232266
5000356,1.1453241363075084
5000357,0.700552478348415
5000358,0.6149994702957594
5000359,1.2746407579631676
5000360,
5000361,1.2256549192229476
5000362,
5000363,
5000364,1.1646134614111885
5000365,1.1447673268190377
5000366,1.4156809818226377
5000367,
5000368,
5000369,1.6906415893612299
5000370,1.595994801431952
5000371,0.9683058166918247
5000372,1.0562877635389412
5000373,1.0002639624324492
5000374,0.88638996157717
5000375,1.1158393227360588
5000376,1.1640057284285745
5000377,1.1680460962189567
5000378,
5000379,0.5599323962836529
5000380,1.4301611632054048
5000381,
5000382,
5000383,1.0068665030793784
5000384,1.0494562806845276
5000385,0.8867777475843645
5000386,0.7462998973299733
5000387,0.6537768498274076
5000388,0.5753027445617359
5000389,
5000390,1.3967031582724676
5000391,1.2940744186750268
5000392,1.212408722454427
5000393,
5000394,
5000395,
5000396,0.75530740074646
5000397,1.0805141071410556
5000398,1.7278994138818133
5000399,1.1155914019345816
5000400,1.66735659967846
5000401,
5000402,1.1316157918273992
5000403,1.0568751890769779
5000404,0.9303623734754732
5000405,0.7202288200186981
5000406,
5000407,0.5999052001113669
5000408,1.0694582764961682
5000409,
5000410,1.454355175414618
5000411,1.5003323294174544
5000412,1.4623879772813373
5000413,0.7554885520028679
5000414,1.3648080388168673
5000415,0.7233269103423234
5000416,0.7170258176688799
5000417,0.6627363585664198
5000418,0.630992212445579
5000419,1.1202586341265854
5000420,1.153920985752011
5000421,1.1949931564458454
5000422,1.0550377265804887
5000423,1.3304001449693115
5000424,1.168759202272986
5000425,0.6330057667769114
5000426,1.0779521652293713
5000427,1.0294387784959727
5000428,1.4326429454995193
5000429,1.5865334258538426
5000430,0.9214335190760945
5000431,0.6431646333678862
5000432,1.3160317084821131
5000433,0.6869369491625854
5000434,0.6647092619020769
5000435,1.6391809465555442
5000436,1.298867107684456
5000437,1.5796359156765873
5000438,1.3999371209805063
5000439,0.9461917141686561
5000440,1.2666166552845648
5000441,1.3477685783486135
5000442,0.7207344337786653
5000443,1.3290527001094963
5000444,0.6232661925934041
5000445,
5000446,1.2305793373362426
5000447,0.7882539257620101
5000448,1.6164868207568739
5000449,1.1338733957149862
5000450,0.505398343056501
5000451,1.0638789320322564
5000452,0.730499160426618
5000453,1.3720762510960587
5000454,
5000455,0.9177136416853175
5000456,1.662211111027085
5000457,0.9295403503879155
5000458,0.3350284338985398
5000459,1.7055456363235741
5000460,0.6306777036918226
5000461,1.2033043051234833
5000462,0.7283085854291405
5000463,1.6779700930725663
5000464,0.7314885028286874
5000465,0.731772570254943
5000466,1.5768148950758223
5000467,1.4036284806351125
5000468,
5000469,0.9249634761024145
5000470,1.4559523442515132
5000471,1.2144730344669676
5000472,1.0245824249033824
5000473,
5000474,0.6390988514547103
5000475,0.9222592158212306
5000476,0.8237295669264499
5000477,1.0401253864536677
5000478,0.4746307257785027
5000479,1.1797397256529583
5000480,0.6968836273154528
5000481,0.9975349680841826
5000482,
5000483,1.070440735096029
5000484,
5000485,
5000486,1.3274883178060906
5000487,1.1255313755825236
5000488,0.7300151572212291
5000489,0.8363735270294191
5000490,0.5915581343429973
5000491,1.0851985763099394
5000492,1.2975770689490616
5000493,0.4619187530064133
5000494,0.6156212636545613
5000495,
5000496,1.249129193720942
5000497,0.980956614176954
5000498,1.6604242594369925
5000499,0.6923594284879306
5000500,1.24358978311434
5000501,0.8564367804994159
5000502,0.37939872208861075
5000503,0.5223877257427902
5000504,0.6097054791139553
5000505,0.4630002222370776
5000506,0.5687481740586692
5000507,0.9658849961144182
5000508,1.3052938606768205
5000509,0.8704465044699694
5000510,
5000511,1.0246897570971536
5000512,1.2352292715291768
5000513,1.4259487323044255
5000514,1.0712145720928605
5000515,0.777138103521624
5000516,0.6260620928028475
5000517,0.6316290346602325
5000518,
5000519,1.4312605460470444
5000520,1.1926571425910768
5000521,0.8763260968354663
5000522,
5000523,0.6683389939212073
5000524,1.354932017784286
5000525,1.0805921288284308
5000526,1.3283532749866298
5000527,0.5270030741078182
5000528,1.523612475814778
5000529,1.2153009755790858
5000530,0.6121424749617929
5000531,0.8164937332863045
5000532,
5000533,1.340912069765302
5000534,1.6728208539727614
5000535,1.7349745947532937
5000536,0.9666070650428575
5000537,0.42717738656379495
5000538,0.7759570118397386
5000539,0.6393813403513172
5000540,1.2736323620694836
5000541,0.7408651219091076
5000542,0.6899838252078807
5000543,1.2074303469415877
5000544,0.4683292232560205
5000545,0.4399700074672114
5000546,0.688761441801788
5000547,0.8403571537296465
5000548,0.9325093357611967
5000549,1.000049041577199
5000550,0.6186550944064879
5000551,0.5084473351068358
5000552,0.6718459680649898
5000553,0.7265902767080974
5000554,0.5328859580430096
5000555,
5000556,1.2216765553299198
5000557,0.5711158122919949
5000558,1.4773464386684585
5000559,
5000560,1.2287924218493766
5000561,0.8873342443347056
5000562,0.847255813703981
5000563,0.5800650933082676
5000564,0.8838472487345005
5000565,0.549393280967681
5000566,0.7965384449807501
5000567,0.49556739695482854
5000568,0.8018553650185429
5000569,0.6641646740346719
5000570,0.791175210242206
5000571,1.2353350063427213
5000572,0.7397066606063154
5000573,0.9994992895718704
5000574,1.0988868097017586
5000575,0.5150719499149145
5000576,0.591099502648978
5000577,1.0309760829747676
5000578,1.6269495769872868
5000579,1.1886058686175043
5000580,1.1046059804541306
5000581,1.2226111755895963
5000582,1.1449820131082447
5000583,0.6864702145359107
5000584,1.0963765654399555
5000585,1.729523346289642
5000586,0.6479413833274138
5000587,0.8561249420464133
5000588,0.9197654102051814
5000589,1.086340899513708
5000590,0.9929217256170169
5000591,1.0973189117352253
5000592,1.4523830054617053
5000593,1.0746461275958425
5000594,1.4810520392040323
5000595,0.7420295330361191
5000596,1.2235167766361397
5000597,0.5794352926318702
5000598,1.200915292864106
5000599,1.4842161730877608
5000600,0.8615030918441564
5000601,1.061415155967532
5000602,0.5108097576649516
5000603,0.52378440308138
5000604,0.8400975239231722
5000605,1.469429601196645
5000606,0.8090926939901508
5000607,1.0914942201810338
5000608,1.0581442009346593
5000609,1.1508388796717133
5000610,0.8565918278140717
5000611,0.8216133198411174
5000612,0.5796002567749233
5000613,0.7541128512303567
5000614,
5000615,1.4175921764303903
5000616,1.3062948064878974
5000617,1.3775774710145225
5000618,0.49187850842541186
5000619,0.6462214582131716
5000620,1.7320049992032331
5000621,1.3390574176749437
5000622,0.7673068331542612
5000623,1.496480589790439
5000624,1.6515115653996288
5000625,1.5253944740396541
5000626,1.4358757737090275
5000627,1.295111307793903
5000628,1.5952516390706122
5000629,1.6726101103144857
5000630,1.5029763490041606
5000631,1.4650372778046974
5000632,0.5803107939117144
5000633,1.2308011121765436
5000634,1.202434958550361
5000635,0.8922949352777584
5000636,0.6874171470821947
5000637,0.9152859490603312
5000638,0.6798671011144841
5000639,0.6586172227857319
5000640,1.5140338083283702
5000641,0.716996182624865
5000642,1.556110984559294
5000643,1.4837836731800689
5000644,0.9852734779580602
5000645,0.6252871153376844
5000646,0.9642451295086586
5000647,1.7020019911094715
5000648,1.7146482986720843
5000649,1.3899652652457817
5000650,1.2343999387643845
5000651,1.1054184744274176
5000652,0.6526074767854066
5000653,0.673537302935301
5000654,1.629324478692128
5000655,1.6764198722422432
5000656,1.7932966351719617
5000657,1.7135370043373404
5000658,1.773298038171802
5000659,0.7181455919118578
5000660,1.612995126574021
5000661,1.7431156972879887
5000662,0.5267919962517691
5000663,0.6274302110683632
5000664,1.6673962065626615
5000665,0.7158752618575561
5000666,0.7822867932899975
5000667,0.6144422208002305
5000668,1.8015071245716388
5000669,0.8763839767073303
5000670,
5000671,1.74240107292409
5000672,1.465372477353552
5000673,0.6164582478829383
5000674,0.4352170852461442
5000675,
5000676,0.6991967274372872
5000677,1.0080549289092382
5000678,0.732482847295489
5000679,1.1983811670493454
5000680,1.7359317030038015
5000681,
5000682,1.7530339738758736
5000683,1.7702919627792502
5000684,1.4581211586755753
5000685,1.605296247738024
5000686,0.710082407860446
5000687,0.8589571019138466
5000688,1.010229480649523
5000689,1.6536118992880924
5000690,1.7060995576024658
5000691,1.7651561916932044
5000692,1.6954385885511165
5000693,0.5629467657744098
5000694,1.3612916949056473
5000695,1.6242936414879487
5000696,
5000697,0.6146427979211362
5000698,0.588152769512536
5000699,0.6740173605217705
5000700,1.3677064588349805
5000701,
5000702,1.4100903863787793
5000703,1.1414884483665837
5000704,
5000705,1.5030822983923953
5000706,0.8938496403608557
5000707,1.7071188677406695
5000708,1.5017173951525267
5000709,0.7938309271673474
5000710,0.6467075302266585
5000711,1.5572213826033254
5000712,
5000713,0.9040024708726774
5000714,0.7168297441437697
5000715,1.320802988023219
5000716,1.0451990330479615
5000717,0.5472723870033369
5000718,1.3919960563960045
5000719,1.44650645971367
5000720,
5000721,
5000722,1.6904169017317778
5000723,0.9606529741027029
5000724,0.9760458691143253
5000725,1.7024009896185006
5000726,
5000727,0.6530340152042559
5000728,
5000729,0.7039839942425478
5000730,0.8016447899135569
5000731,0.557736837563886
5000732,0.5458512230704058
5000733,0.5933136080894605
5000734,1.1143493996964582
5000735,
5000736,
5000737,
5000738,
5000739,
5000740,
5000741,
5000742,
5000743,
5000744,
5000745,
5000746,
5000747,
5000748,0.5224900480667423
5000749,
5000750,
5000751,1.661272659204793
5000752,1.4205166236153435
5000753,
5000754,
5000755,
5000756,
5000757,
5000758,
5000759,1.6701885059511683
5000760,1.8134571713804657
5000761,1.711835613049704
5000762,1.6719645947277728
5000763,
5000764,
5000765,
5000766,1.245068728132184
5000767,1.7798191395019383
5000768,1.6407437355824996
5000769,1.729522293755304
5000770,1.7510084958169614
5000771,1.698317167005301
5000772,1.7042658238248711
5000773,1.6939475629957554
5000774,1.7406305955682586
5000775,1.6814217426799742
5000776,1.5709878890972904
5000777,1.6303205868574133
5000778,1.5779785574415635
5000779,1.4254566972904332
5000780,1.7005609989606953
5000781,1.6286613838174917
5000782,1.577884251263326
5000783,1.5646940538345866
5000784,1.290668874680621
5000785,1.3908574585846296
5000786,1.4771460559308183
5000787,1.2981317724677324
5000788,1.2595349062677292
5000789,1.1723588365306332
5000790,1.4000407183845234
5000791,1.3155316348291928
5000792,0.8870566723243738
5000793,1.6236802779626218
5000794,1.1873077482382293
5000795,0.9219267147361734
5000796,1.0059677885170664
5000797,
5000798,0.6773166065894711
5000799,1.1399897555554526
5000800,0.8882804836607803
5000801,1.179778061709558
5000802,0.9105291287590269
5000803,1.5498788984133143
5000804,1.3008490516948554
5000805,0.8433744602256767
5000806,1.1808118393931168
5000807,0.935363179661554
5000808,1.079484186511288
5000809,1.0035925891733617
5000810,
5000811,1.0184251394626613
5000812,1.2603744368200138
5000813,1.0280358707012427
5000814,1.2245257026173837
5000815,1.3695179329567222
5000816,0.6896037449898405
5000817,0.5569440266462001
5000818,0.7011579174742255
5000819,1.31549957084623
5000820,
5000821,0.6754140181173998
5000822,0.7287703652107314
5000823,1.5475193088388035
5000824,1.2661507394456337
5000825,0.5012868292285516
5000826,
5000827,
5000828,
5000829,0.8821598360084955
5000830,1.2902933142232507
5000831,
5000832,0.8617530892350707
5000833,1.2054533507662453
5000834,1.0060348552904448
5000835,1.2015794115590983
5000836,0.6142133009483334
5000837,
5000838,0.9710512426543291
5000839,0.76185014209172
5000840,0.7329741898162977
5000841,1.253340371234188
5000842,
5000843,1.9435687025647268
5000844,1.6787979615915904
5000845,0.8245587907352446
5000846,0.9040754408063302
5000847,1.4220962481060258
5000848,0.7659459436288861
5000849,1.2641390873383322
5000850,1.6094443722203422
5000851,1.014767155254746
5000852,1.5335293220278539
5000853,1.3642834588624042
5000854,0.8445025689868592
5000855,1.2038220352554891
5000856,0.8295867428275603
5000857,0.6032661334271785
5000858,1.3425025401503023
5000859,0.6281083945125446
5000860,0.9085622625394859
5000861,1.1039951445163119
5000862,0.7797107891775228
5000863,
5000864,0.5373352898151701
5000865,1.4877364839897373
5000866,
5000867,
5000868,1.6600678515495595
5000869,0.960899679525147
5000870,1.1577262390603706
5000871,1.6135168293646127
5000872,
5000873,1.429242088944945
5000874,0.7014245743628451
5000875,1.3710303861743989
5000876,0.5233230222780348
5000877,1.122534036676763
5000878,
5000879,1.3324122646098977
5000880,1.3769199774782017
5000881,0.9164556485516586
5000882,0.6460119407067806
5000883,1.4891948045719272
5000884,1.5693178212857792
5000885,1.4525279404223181
5000886,1.0411935327833997
5000887,1.3646015933857203
5000888,0.6653932593502933
5000889,1.6330064849754802
5000890,1.1948131144724348
5000891,1.6233934884733434
5000892,1.0713630760550907
5000893,0.9915856753080882
5000894,0.7989276032355012
5000895,0.7043769485188551
5000896,
5000897,1.292693881673976
5000898,
5000899,
5000900,1.1011286364456552
5000901,0.8266683503014677
5000902,0.682801262811601
5000903,1.1833874114177334
5000904,1.33338352304252
5000905,0.6579780365969073
5000906,1.6246534822257384
5000907,
5000908,1.6983489243552454
5000909,1.4323458083189355
5000910,1.2145929022296866
5000911,0.758930808979197
5000912,
5000913,0.7317906001808179
5000914,0.6016650951600195
5000915,0.44343169973260566
5000916,1.6526231529584918
5000917,1.3698555400392873
5000918,1.224679190191691
5000919,
5000920,
5000921,0.7714429974866575
5000922,1.2951529207416976
5000923,1.2037846551205054
5000924,0.6185006825283232
5000925,0.6659132173190367
5000926,0.7122293055494855
5000927,1.4162880601367358
5000928,
5000929,1.8735723326081348
5000930,1.2696121524464783
5000931,0.7373987330257493
5000932,1.6706574215240606
5000933,1.07028300058767
5000934,1.6293691643346493
5000935,1.6633579049842044
5000936,
5000937,1.7194117977500671
5000938,0.9609990799925707
5000939,0.7285245978434729
5000940,1.4576309449886242
5000941,0.896865246022202
5000942,0.7754217972907474
5000943,
5000944,0.5857696676417156
5000945,1.372427121760679
5000946,1.0995386625877985
5000947,0.9301328596813705
5000948,1.1928610712502759
5000949,0.8947540177376294
5000950,1.24022762832131
5000951,0.7530607212592862
5000952,1.361198172324299
5000953,
5000954,1.286035816873807
5000955,1.0997622546924213
5000956,0.8887452718346543
5000957,1.2915631654722386
5000958,0.5079260350370066
5000959,1.6027872674542294
5000960,0.6111767584079308
5000961,0.6949447801875616
5000962,0.6913305947428848
5000963,0.6729377291339621
5000964,1.4309012457088652
5000965,1.5885112179226302
5000966,0.6353905861075855
5000967,1.4036023229479682
5000968,1.7113240000468743
5000969,1.426756364738826
5000970,1.6460703156585865
5000971,0.8020744532766049
5000972,
5000973,1.6080504581931525
5000974,0.6163588722922919
5000975,0.7080888114238609
5000976,
5000977,1.2194135200655127
5000978,1.3756224134587758
5000979,0.7985010833278233
5000980,1.5834382794376776
5000981,0.8322658603130328
5000982,1.0186489307304099
5000983,0.5372145153559176
5000984,1.5457312133031678
5000985,1.3331979088633903
5000986,0.6708297797214919
5000987,1.0736777051689008
5000988,0.5329145174347046
5000989,1.1584084567995618
5000990,0.6511126777671113
5000991,0.8113172141122431
5000992,0.401921251931283
5000993,0.7057641302365912
5000994,1.612392757172206
5000995,0.5268737779773726
5000996,0.7444264031792722
5000997,0.9530650375150328
5000998,1.44123840558048
5000999,0.5178125170196121
5001000,1.5586564114099528
5001001,1.2667056396024183
5001002,1.162971824738464
5001003,0.8789525071955016
5001004,1.25118653473809
5001005,0.44672745388761714
5001006,0.8347526231336987
5001007,
5001008,0.9733065831843498
5001009,1.4490074358868241
5001010,
5001011,0.9863676330717241
5001012,0.6364510928563634
5001013,
5001014,
5001015,
5001016,
5001017,
5001018,0.9963729602444376
5001019,0.45594190734625784
5001020,1.398017659604008
5001021,0.5361638197126306
5001022,
5001023,0.6840943258616049
5001024,
5001025,1.193905823801982
5001026,0.9771362372766405
5001027,1.3411226585999507
5001028,
5001029,
5001030,0.6070089098944655
5001031,1.2318007176650867
5001032,1.4365424286471375
5001033,0.9148322008930784
5001034,0.9443298683341717
5001035,0.5670264471377129
5001036,0.8022275139577685
5001037,0.9416168781258275
5001038,1.5653044486092644
5001039,0.8546380786223531
5001040,0.9794289099985682
5001041,1.2485051013932156
5001042,
5001043,0.6536128769755507
5001044,0.5867276112860064
5001045,
5001046,1.0758120789537065
5001047,0.6074945736718599
5001048,0.5472667417319995
5001049,0.7927832740062264
5001050,1.6981501673977735
5001051,0.7285438463329587
5001052,0.8985005102011929
5001053,0.9349291690399387
5001054,0.7249544092370721
5001055,1.1429083079751898
5001056,0.455964452209709
5001057,
5001058,1.1522953034396355
5001059,0.4178159663441726
5001060,1.0386714625656668
5001061,
5001062,
5001063,0.8588133221100495
5001064,
5001065,0.6542809295711005
5001066,1.4304567780637585
5001067,0.5647359534031163
5001068,1.2309838267326243
5001069,1.3576117085270494
5001070,0.6361779387973459
5001071,1.3994263635805408
5001072,
5001073,
5001074,1.4211037050506659
5001075,1.5484723535116214
5001076,1.1871241739663199
5001077,0.8473079164822666
5001078,0.6552637852989952
5001079,
5001080,0.8627834375407507
5001081,1.2355391374547127
5001082,
5001083,0.7523287594038746
5001084,1.1459177411057484
5001085,0.590919120231947
5001086,1.4933603274967606
5001087,1.0241306244407902
5001088,1.32672949072833
5001089,0.9264758287980446
5001090,0.8821675114103396
5001091,0.8484324795378153
5001092,0.4886793826512645
5001093,1.5054873030750566
5001094,
5001095,1.203487342829564
5001096,1.3782719620149815
5001097,
5001098,0.9484422441061016
5001099,
5001100,1.32938418733751
5001101,1.4127968535367885
5001102,
5001103,1.459158449382756
5001104,1.5522636805998662
5001105,1.2536343086350779
5001106,0.9398479114612103
5001107,0.6320477943548906
5001108,1.2047156825027252
5001109,0.7716958247661198
5001110,0.504980316484592
5001111,0.6525821110530627
5001112,
5001113,0.49069966866585224
5001114,0.7023785054577734
5001115,0.7307943837413696
5001116,0.4616371634837493
5001117,1.1860278497615344
5001118,
5001119,1.4286945520737238
5001120,0.9709511072427665
5001121,0.8228040269927503
5001122,0.7078935040879593
5001123,0.38661376552935167
5001124,0.4761692783183434
5001125,
5001126,
5001127,1.133836421455316
5001128,1.7047585099534175
5001129,0.8225834960141
5001130,0.8925038760960824
5001131,0.9985483606522576
5001132,
5001133,1.1927300991884084
5001134,1.626446910667501
5001135,0.9542798805991051
5001136,0.735561048932483
5001137,1.0019312748506688
5001138,0.6616220688199032
5001139,0.9494393246683711
5001140,0.4104479574700811
5001141,0.550260420776406
5001142,1.0433839789257044
5001143,0.8773503897643923
5001144,1.2850213321283375
5001145,
5001146,1.3907563210077993
5001147,
5001148,
5001149,1.3129324772632345
5001150,0.3716874588743352
5001151,1.388805032714108
5001152,1.4445512658700714
5001153,0.840983399825604
5001154,1.375980360038876
5001155,1.0639151809603005
5001156,1.3845718926134882
5001157,0.6239494928059144
5001158,0.6216344526971535
5001159,0.503510898461441
5001160,0.466055481833832
5001161,0.5106370347462248
5001162,0.5737476922386124
5001163,1.6561620632426577
5001164,0.7077274111875905
5001165,1.1988899356857365
5001166,1.1221047263377215
5001167,0.8163840850261416
5001168,1.4307976105626201
5001169,1.3122672984938342
5001170,1.0879877649793892
5001171,1.6014204824769824
5001172,
5001173,1.5924489765268055
5001174,0.6796028770705876
5001175,0.7035622671416857
5001176,0.42908818278072125
5001177,0.9728166473399988
5001178,0.9997130568152597
5001179,0.5216450270698495
5001180,0.45846406769186027
5001181,1.398445842733416
5001182,1.4524009406562317
5001183,1.0657535075589941
5001184,
5001185,0.5140252913484792
5001186,1.2719225812587907
5001187,0.4481573494382774
5001188,1.0697464821756628
5001189,0.49343444771344414
5001190,1.2950760581991558
5001191,1.479508302496835
5001192,1.4576905362985697
5001193,1.0470468002451163
5001194,1.4827245988221918
5001195,0.4797004567967462
5001196,1.2584177677630184
5001197,0.710856423281039
5001198,0.8026124420708199
5001199,1.3947799776350263
5001200,1.3337710389801045
5001201,1.5027242327359096
5001202,1.0805660680656408
5001203,0.45040463707165596
5001204,1.104642398876792
5001205,1.3017568725028754
5001206,0.6598378138162864
5001207,1.5257343905080307
5001208,1.281546633491322
5001209,1.2823021175673623
5001210,1.5282108023392007
5001211,0.7073282710014902
5001212,1.5273835173903407
5001213,1.362910786772505
5001214,
5001215,1.6717250972682087
5001216,0.9063266207582785
5001217,0.7143502730779133
5001218,1.6380032844664048
5001219,1.0621130084964578
5001220,0.5987330159339503
5001221,0.3708747935760444
5001222,1.3437060220645227
5001223,1.3734235130555454
5001224,0.6439119548872598
5001225,1.4261480697359756
5001226,0.6884592511172422
5001227,0.4320171331282097
5001228,0.871379362727129
5001229,0.5688165238981574
5001230,1.060161427403094
5001231,0.45199766302799727
5001232,0.5860833805198217
5001233,1.4632834557277685
5001234,1.0727449138522915
5001235,1.1457352709866684
5001236,1.2645235525138432
5001237,0.7012995653133532
5001238,0.31725207861403426
5001239,0.32703089646437133
5001240,1.7653434595563524
5001241,0.6200311041420891
5001242,1.0023222922346118
5001243,0.7233344940418923
5001244,1.2583488822528295
5001245,0.9850557335173294
5001246,1.2117516489031974
5001247,0.5030567216912475
5001248,1.5793715971647813
5001249,0.4724516272991698
5001250,0.741167756472169
5001251,0.3595440173467318
5001252,0.8770253473204151
5001253,1.0253272413408214
5001254,0.6494381619052478
5001255,0.7740989306727808
5001256,0.916183332289776
5001257,0.37350614596786863
5001258,1.0167867443152239
5001259,0.9431078509237649
5001260,0.8076301040225493
5001261,0.7050413230862922
5001262,0.9716434847650223
5001263,1.2596126258575717
5001264,0.5509751880789974
5001265,1.22618504645756
5001266,0.737048993221599
5001267,0.9542529359179118
5001268,1.5121228581727484
5001269,0.7854979884577984
5001270,0.8333056765528053
5001271,0.29969186632086675
5001272,1.2646597375513637
5001273,0.624696843091805
5001274,0.8334561809769859
5001275,1.623495271656297
5001276,0.9008114728704013
5001277,1.2564607670101167
5001278,0.6493852402535338
5001279,0.9444599468304403
5001280,1.1617624035109593
5001281,0.7603600793397471
5001282,1.257788011611823
5001283,
5001284,1.2735645300332443
5001285,0.7740022606724498
5001286,0.5251874509046675
5001287,0.560561031012609
5001288,0.5164738095215614
5001289,1.0229417135450831
5001290,1.5002503715938909
5001291,1.43599713630908
5001292,1.6717546419991782
5001293,1.0498681591625696
5001294,0.7667723512250212
5001295,1.1539439203997546
5001296,1.2083545379093439
5001297,0.7860472484856547
5001298,1.4013416218833903
5001299,0.5580158280660897
5001300,1.307700511682953
5001301,1.1961413623514383
5001302,0.929276991016171
5001303,0.807631331855615
5001304,0.9504221878856594
5001305,0.6978708138111818
5001306,1.4290267802491197
5001307,
5001308,1.4844292623798596
5001309,1.2363581981111893
5001310,1.1717223121244371
5001311,1.358657769666629
5001312,1.0417690605224383
5001313,1.298787234252086
5001314,1.3080669741190336
5001315,1.4718211270298924
5001316,0.7835519575430729
5001317,1.2035919226686984
5001318,0.4422325560658482
5001319,1.3972018493821927
5001320,1.4713312429463505
5001321,1.4124099080840802
5001322,0.8014027474616806
5001323,0.7096531415149312
5001324,0.7371403199718631
5001325,0.4695487244364389
5001326,1.6126945506175838
5001327,1.2458016096890174
5001328,
5001329,0.8189466908749921
5001330,1.6884119174444192
5001331,0.924892852966401
5001332,1.1563675697284506
5001333,1.326607425850754
5001334,1.3222601200721018
5001335,1.7327798154152185
5001336,1.2053772274635721
5001337,1.5511784101060333
5001338,0.7495763216272213
5001339,0.6163656313912194
5001340,0.8849553719828448
5001341,1.3297074519639545
5001342,1.7080492400234295
5001343,
5001344,1.8233935358895594
5001345,1.069740682605336
5001346,1.0005408827669517
5001347,0.44335073399113845
5001348,0.6170091715252844
5001349,0.8920651822977701
5001350,0.678387690514579
5001351,1.4746318899585447
5001352,1.5454595026063287
5001353,1.8685639091963993
5001354,
5001355,1.6157773639266864
5001356,1.8202509712713515
5001357,1.5400399336312478
5001358,1.4807492054530431
5001359,1.0646025002799198
5001360,0.7444191823262116
5001361,0.5951259693010527
5001362,0.7274328126468651
5001363,0.9615947684512337
5001364,
5001365,
5001366,
5001367,1.2805536202634837
5001368,0.9947732595748761
5001369,1.4971910789431024
5001370,1.7612630912949652
5001371,1.8453900472767502
5001372,1.4177487255079142
5001373,0.8040363557993817
5001374,0.7348190973791001
5001375,0.5633752698983032
5001376,
5001377,
5001378,0.6744113033308804
5001379,
5001380,1.2543576659731221
5001381,0.8980009833491673
5001382,1.448849632443974
5001383,
5001384,
5001385,1.5511779794539988
5001386,1.152735331757107
5001387,0.9384885027375933
5001388,0.9186662268066411
5001389,1.8221765911012182
5001390,1.7547708387656058
5001391,1.5032134420385177
5001392,1.4677802791867367
5001393,1.057508635374369
5001394,1.1046783489670098
5001395,0.89733443226393
5001396,0.7954399485364805
5001397,0.6532595722122746
5001398,
5001399,1.1196121673797768
5001400,1.4435926093191052
5001401,1.5684507313289295
5001402,0.6088503868697587
5001403,0.7086371968703737
5001404,1.0714985808016697
5001405,
5001406,
5001407,1.0237963708473474
5001408,1.5550877848230573
5001409,1.4166500560028061
5001410,1.5702152060780235
5001411,1.5342902323216419
5001412,1.317022095424181
5001413,1.1940742508019597
5001414,0.9810359685561565
5001415,0.6009692464225027
5001416,
5001417,1.2256982920450128
5001418,1.4439157812727768
5001419,1.0187013042448243
5001420,
5001421,1.5480601842475248
5001422,1.471387591158798
5001423,1.5824857214403099
5001424,
5001425,0.934725258065409
5001426,0.6769525148322415
5001427,1.6044181164703126
5001428,1.1653470303619111
5001429,0.5623993255319412
5001430,0.8167866604955464
5001431,0.9946473162823191
5001432,1.1840531948096797
5001433,0.65562794197758
5001434,1.1978134558578843
5001435,1.1722303377284853
5001436,
5001437,
5001438,
5001439,
5001440,1.4732633114287335
5001441,1.7148108715314603
5001442,
5001443,
5001444,
5001445,
5001446,
5001447,
5001448,
5001449,
5001450,
5001451,
5001452,1.664379257875625
5001453,0.8219299760937591
5001454,0.5090770745692215
5001455,1.4147478411348282
5001456,1.4908474356900954
5001457,
5001458,
5001459,1.6569191102526732
5001460,1.449920016269766
5001461,
5001462,1.436780963485275
5001463,0.5368275963073956
5001464,0.9355757202056646
5001465,0.9227126833110438
5001466,1.1321642371473295
5001467,1.2095163560661741
5001468,1.5782816145808616
5001469,1.5104715047787052
5001470,0.958329913022342
5001471,0.3482537896198488
5001472,1.7034123963186678
5001473,0.5110699205238411
5001474,0.4314913831631317
5001475,1.3577647057601232
5001476,1.076406794869704
5001477,0.9982609563802104
5001478,0.5849368882130698
5001479,0.7858512261281366
5001480,0.4290112517091818
5001481,
5001482,1.3387814263910132
5001483,
5001484,
5001485,1.6685572223879686
5001486,0.9351716062549298
5001487,0.7343124095477642
5001488,0.51478671460868
5001489,0.7585340744579346
5001490,
5001491,
5001492,
5001493,
5001494,
5001495,
5001496,
5001497,
5001498,
5001499,
5001500,
5001501,
5001502,
5001503,
5001504,
5001505,
5001506,1.7788539525722298
5001507,
5001508,1.6385598051609218
5001509,0.8175817626538374
5001510,1.0053392908776726
5001511,0.7063869687012737
5001512,0.9387846816450929
5001513,0.7954448822838661
5001514,0.41878070330135697
5001515,1.118279728611876
5001516,
5001517,
5001518,
5001519,0.889914836547237
5001520,
5001521,
5001522,0.6721643054179711
5001523,
5001524,
5001525,
5001526,
5001527,
5001528,
5001529,
5001530,1.420301472439867
5001531,0.69580010203274
5001532,0.4491038200415552
5001533,1.2809871886113686
5001534,
5001535,0.5365832576363038
5001536,
5001537,
5001538,
5001539,
5001540,0.6511692171428675
5001541,
5001542,
5001543,1.2042256417633173
5001544,0.9994089019105915
5001545,0.6867305153967219
5001546,0.7171114699192507
5001547,0.6985348331522853
5001548,
5001549,
5001550,
5001551,1.6340150491069634
5001552,0.7875611338600892
5001553,0.6767551984061374
5001554,0.8943729015436261
5001555,0.8800128651129773
5001556,0.44248267836045246
5001557,
5001558,1.351142594532517
5001559,
5001560,
5001561,1.5098329985006462
5001562,0.7782149346592817
5001563,0.787744951227297
5001564,
5001565,
5001566,
5001567,0.6827221475186893
5001568,
5001569,
5001570,
5001571,
5001572,1.7071468266115732
5001573,0.6644666493537783
5001574,
5001575,1.5234953674907374
5001576,1.031727512445268
5001577,
5001578,
5001579,1.274170447671778
5001580,
5001581,
5001582,0.6575852594691326
5001583,1.0877598873221148
5001584,0.799675006396077
5001585,0.46319084204737226
5001586,
5001587,
5001588,0.9314996224332821
5001589,0.8799541196376058
5001590,0.9844059334074088
5001591,0.8347036431706926
5001592,
5001593,0.951521035303188
5001594,0.9374178032624699
5001595,1.3868911189959705
5001596,0.8363678152178241
5001597,0.940475023581462
5001598,0.84697298280485
5001599,0.8234842999010048
5001600,1.0716320700315907
5001601,1.0863601271804688
5001602,1.0850230118199042
5001603,0.8531618579095261
5001604,1.0550530256098576
5001605,
5001606,
5001607,1.3568334708923173
5001608,1.2750172949673801
5001609,0.7520512533661898
5001610,1.037041489718885
5001611,
5001612,1.1155634824137006
5001613,
5001614,0.8129593969161574
5001615,1.4930940488396527
5001616,1.066072219002884
5001617,0.8123486135866256
5001618,1.0964753986964093
5001619,1.1936203812887836
5001620,1.195586312367116
5001621,1.5736135806362535
5001622,0.839705310706186
5001623,1.161890667735521
5001624,1.075168531280845
5001625,1.5165779072953178
5001626,1.210086106865989
5001627,0.7732484467535534
5001628,1.1149949315436403
5001629,
5001630,0.44813239773915275
5001631,
5001632,0.9300853446514967
5001633,1.4495344515928597
5001634,1.31487476399283
5001635,0.8478057910752571
5001636,
5001637,0.8800667612053402
5001638,1.0343717901699823
5001639,0.8784636757935388
5001640,0.7855008726509628
5001641,1.3300325671805084
5001642,
5001643,0.8932057722262121
5001644,0.8085106296155913
5001645,1.4356056563931898
5001646,1.2562231522146525
5001647,1.4484795025629273
5001648,0.7050535575291019
5001649,0.7520799675300128
5001650,0.7518652681286774
5001651,
5001652,0.6357649973050428
5001653,0.8060448396291306
5001654,1.163899380233089
5001655,0.5742780411594397
5001656,0.4285654571801323
5001657,1.5735040775593268
5001658,0.30620119619518216
5001659,0.49114540680878316
5001660,0.8163713672715772
5001661,0.4489513820821165
5001662,1.43421444871517
5001663,0.38259839109550436
5001664,0.5358754395071391
5001665,0.8098069474618994
5001666,1.3044516802263384
5001667,0.5934127975328202
5001668,0.5495979444220115
5001669,1.190989611994645
5001670,0.46973409160536306
5001671,0.9756821784400674
5001672,0.2607799478227141
5001673,1.0050122842423903
5001674,0.925715499297946
5001675,1.6354797923918203
5001676,0.9800470521388804
5001677,1.1057404449747898
5001678,0.4677208880898445
5001679,0.3861889389088762
5001680,1.1693187780513254
5001681,1.012407156096617
5001682,1.0385655987337687
5001683,0.6710034753540381
5001684,0.7214478544407774
5001685,1.1579848314175694
5001686,1.4236941288553062
5001687,1.1261355422965025
5001688,1.1533519749956413
5001689,0.8625652851090643
5001690,1.1018549855050657
5001691,1.299892512204908
5001692,0.5114476166202633
5001693,1.2750091542037467
5001694,1.2989755744635507
5001695,1.294200287291305
5001696,1.20887619411609
5001697,0.8706622637978167
5001698,1.4861561784393729
5001699,1.312371229211411
5001700,1.5527917759368528
5001701,1.0691783117925993
5001702,1.0477947444533013
5001703,1.4252502475771935
5001704,1.1427489909775481
5001705,0.9473653956991859
5001706,1.505369770979819
5001707,1.2707188359648054
5001708,1.3104641309428198
5001709,1.2420187542387433
5001710,1.149017852769064
5001711,0.8749531640884711
5001712,0.48883800110831466
5001713,1.1740046972706821
5001714,1.7241595757036623
5001715,1.2440518091913393
5001716,1.260387457135249
5001717,1.269896639827035
5001718,1.3710284415166551
5001719,1.2302591693225287
5001720,0.6811007556650359
5001721,1.1201509689963178
5001722,1.4399174955995466
5001723,1.085836760358435
5001724,1.2793290172498941
5001725,1.3124221868010475
5001726,0.9848053822672307
5001727,0.9555859209426087
5001728,1.0690433809941862
5001729,1.1693445926560917
5001730,0.9323362393485537
5001731,1.0721008794673295
5001732,0.9945688947939105
5001733,1.1600937015275186
5001734,0.8857528549819238
5001735,0.908004151782904
5001736,1.5856527150888058
5001737,1.6018071264417877
5001738,1.2897947432692758
5001739,0.5895248591019343
5001740,1.3140537624831243
5001741,1.2206855086398272
5001742,0.9452281082101875
5001743,0.9401529264793623
5001744,1.1081874105847955
5001745,1.1882207515724328
5001746,0.824552887944966
5001747,1.1491527288194798
5001748,1.0571542844503419
5001749,1.3717345892179118
5001750,
5001751,1.2888125994479767
5001752,1.3264761385376913
5001753,1.1237336314277506
5001754,1.288435362947913
5001755,1.1459649997579526
5001756,1.1885168680977163
5001757,1.3964443225488112
5001758,1.0532311407626396
5001759,1.3276627733459068
5001760,1.234025348965261
5001761,1.0742119209607313
5001762,1.1543570618504357
5001763,1.1146837825476785
5001764,1.2164586175746703
5001765,1.0110328263727355
5001766,1.1330217650509113
5001767,1.0375842469842493
5001768,1.2158152987853204
5001769,1.6041816896206877
5001770,1.205103794205492
5001771,1.103053888280442
5001772,1.260981598466849
5001773,0.5715048686105333
5001774,1.3771706655950984
5001775,0.7915011297075858
5001776,1.154567869240486
5001777,0.8080447568852144
5001778,1.1353947991147895
5001779,1.1860009915765597
5001780,
5001781,1.4946442628543457
5001782,
5001783,1.371454892364661
5001784,1.1114690054625178
5001785,1.1519204524874866
5001786,1.1943141955027405
5001787,1.0010533046143812
5001788,0.8788173984283617
5001789,0.8984779016966823
5001790,
5001791,1.0212590066766503
5001792,
5001793,1.1273447771366243
5001794,1.4220180774365547
5001795,1.2322674937072482
5001796,0.9341916900576236
5001797,1.0020789853953178
5001798,1.6752699335399497
5001799,1.39566150593946
5001800,0.8029287688327784
5001801,0.9774689391437965
5001802,0.9098521539833501
5001803,0.9503802044049303
5001804,0.6703325626182454
5001805,1.4417049612263575
5001806,1.0470751958471876
5001807,
5001808,0.395205867937082
5001809,0.3275471354825243
5001810,1.3819036452682216
5001811,1.2247580943559209
5001812,1.0706933795306397
5001813,0.8525066148675472
5001814,0.963053216965138
5001815,1.374147493226597
5001816,
5001817,1.3186296703526619
5001818,1.5296249743460406
5001819,0.5846314514878664
5001820,
5001821,0.8742404951257479
5001822,1.2321342478772237
5001823,0.9226925721221756
5001824,1.2736007257789237
5001825,1.2795542015840509
5001826,1.5090737733710984
5001827,1.27977364886915
5001828,
5001829,1.6628406291914208
5001830,0.9270802301625348
5001831,1.2781804879443748
5001832,1.7262631934550063
5001833,1.600952223025424
5001834,1.3660747583268271
5001835,1.2185552126102035
5001836,1.4890300250981279
5001837,0.7996134226732735
5001838,1.6247657321735838
5001839,0.6228867848825224
5001840,0.644188107196258
5001841,1.1620381963846858
5001842,1.429185402058683
5001843,0.7788284547486157
5001844,1.363262676132641
5001845,
5001846,1.4912802485976144
5001847,1.0570062528892952
5001848,1.5443041273582554
5001849,1.575508602380235
5001850,1.4051997517670776
5001851,0.9418953250072254
5001852,0.7053076356172067
5001853,0.9394262950618245
5001854,0.7528440192440662
5001855,1.4282994314516384
5001856,
5001857,1.1458474740889857
5001858,0.8987698255466701
5001859,1.1626691121418968
5001860,
5001861,1.0946550307695255
5001862,1.2265802993574884
5001863,1.008489969523571
5001864,0.8382513484571558
5001865,1.4862864585487585
5001866,0.9527060960352703
5001867,1.1677627176642311
5001868,1.2155932922819033
5001869,1.5452756498668956
5001870,1.019336850204479
5001871,1.5145872307770274
5001872,0.6523752691305398
5001873,
5001874,
5001875,1.0274310669139453
5001876,0.5913684613169309
5001877,1.1935788396856872
5001878,1.1401414548033697
5001879,1.6709935132145313
5001880,0.8858317567352204
5001881,
5001882,0.6587783976476156
5001883,1.0034014575993477
5001884,0.9732663107178975
5001885,
5001886,1.2877732725287845
5001887,1.4215965508412205
5001888,1.1374171810846145
5001889,1.0962788497531417
5001890,1.0370154942864696
5001891,1.0367033183598295
5001892,1.138594709094749
5001893,1.064004783408675
5001894,1.1810206614497498
5001895,1.0030564898338814
5001896,0.8920801431608096
5001897,0.8680772117050346
5001898,1.5688052522142957
5001899,1.08474673784371
5001900,0.8590900250370815
5001901,1.0848341199487241
5001902,0.7734128577263497
5001903,1.4377748513054311
5001904,1.1882104853772877
5001905,0.9565327815556427
5001906,1.0016655541532693
5001907,
5001908,0.9323465289736068
5001909,
5001910,0.7308213000367629
5001911,0.7448035577370566
5001912,1.4054911954174647
5001913,1.3246435911777883
5001914,0.6619028971645047
5001915,1.6617766209421576
5001916,
5001917,1.338681814357013
5001918,
5001919,
5001920,0.4952328818961349
5001921,1.0287111177225483
5001922,1.1729221555719866
5001923,1.2268509839703226
5001924,
5001925,1.396627718959105
5001926,1.112631315051123
5001927,0.8535317190055725
5001928,0.9117837033320254
5001929,0.6135584851873356
5001930,0.7352382582783193
5001931,0.699047904753665
5001932,0.7647527625180218
5001933,0.8347955966434333
5001934,1.242204784039065
5001935,1.6117929671943207
5001936,
5001937,
5001938,1.233511606657324
5001939,1.59422476201056
5001940,
5001941,
5001942,
5001943,1.3365028765743427
5001944,1.2925997834232876
5001945,0.8429981571748325
5001946,0.7565465804702484
5001947,0.5719730717541923
5001948,
5001949,0.48179067301293244
5001950,1.4370306852595045
5001951,0.7489266658512264
5001952,1.1362833536731507
5001953,
5001954,1.6050084706569823
5001955,0.8732389076347016
5001956,1.5433608985428975
5001957,1.5967240144398538
5001958,0.36895570734965094
5001959,1.7926998612166931
5001960,1.2556254388293686
5001961,1.197165592397327
5001962,1.3126042600725918
5001963,1.117947215236172
5001964,1.0051161805107234
5001965,0.6146097329424056
5001966,1.3774704595425231
5001967,0.8060546104150788
5001968,1.104871145660705
5001969,
5001970,1.3987695671313245
5001971,1.3607821159814666
5001972,1.6759201491001579
5001973,0.9134397957917455
5001974,0.8298210193053729
5001975,1.1961721720160903
5001976,0.945203112892106
5001977,1.1419591250279075
5001978,1.056810059750815
5001979,1.756917498152008
5001980,0.4635540011099704
5001981,
5001982,
5001983,
5001984,0.8519725656700291
5001985,1.2945874960087693
5001986,
5001987,1.1123033257905
5001988,
5001989,1.5986880338820781
5001990,
5001991,0.5866398162586013
5001992,1.5679857688316594
5001993,1.030445961495518
5001994,1.1338563494924057
5001995,1.701859257414195
5001996,0.7584594600704501
5001997,0.4118069341940774
5001998,0.5635725316000771
5001999,
5002000,
5002001,1.250835100551136
5002002,
5002003,0.6430768766386356
5002004,1.1866817568065526
5002005,0.4322185163037661
5002006,1.4773769238632792
5002007,1.1698199062791097
5002008,
5002009,1.834027621760873
5002010,1.08310535701306
5002011,1.4715639732325305
5002012,0.8090531642532767
5002013,0.5372864745460443
5002014,0.941425438756589
5002015,0.737990289358731
5002016,1.4297261496116818
5002017,0.8348977245053831
5002018,0.48482253852199586
5002019,1.6379223310547397
5002020,
5002021,1.4614268903485064
5002022,1.6138067597439245
5002023,0.9854976991975656
5002024,1.1164716224278568
5002025,0.38477144895963944
5002026,0.5928912916817518
5002027,0.4578283515521008
5002028,0.46162034205079505
5002029,0.46712147806496
5002030,
5002031,1.1966805123457485
5002032,
5002033,1.4179340931066116
5002034,1.6620989301511433
5002035,1.0034533949404003
5002036,
5002037,
5002038,0.8840834421567269
5002039,1.4695640673795252
5002040,
5002041,0.6066561136610115
5002042,1.499735796989752
5002043,1.118149286845224
5002044,1.2631822451892345
5002045,1.243705354166213
5002046,
5002047,1.6879680823414287
5002048,0.9095310852272176
5002049,0.646748756487703
5002050,1.6245704429649896
5002051,0.7700838954813823
5002052,0.4401086574882836
5002053,0.8734125161935427
5002054,0.9482406194627878
5002055,1.370944839226614
5002056,1.2074090324949873
5002057,1.33090956467776
5002058,
5002059,1.4233790960547512
5002060,1.3699801887956986
5002061,1.3335907236520577
5002062,1.4514287385705953
5002063,1.1917581845316214
5002064,1.159784656870465
5002065,0.4336735662565294
5002066,0.7377015244143696
5002067,1.443418252977285
5002068,1.247771642427119
5002069,1.3990099898576434
5002070,0.9933185526237608
5002071,1.4115729796988798
5002072,1.656644412533819
5002073,1.5937944926766225
5002074,1.4554315281099317
5002075,1.4215481265512617
5002076,1.3817473796610058
5002077,1.3674335783713467
5002078,0.6978658018512994
5002079,0.49485509570110503
5002080,0.4028925256976783
5002081,1.4829491984870584
5002082,
5002083,0.48836572656734795
5002084,1.0133976113671839
5002085,
5002086,1.5611674062411676
5002087,
5002088,0.8531615019120212
5002089,1.2077203354240613
5002090,
5002091,
5002092,
5002093,1.1858069219498186
5002094,0.7791832189983073
5002095,0.7342592975045203
5002096,0.7021032718794883
5002097,0.7214505074837481
5002098,0.6264155587541888
5002099,0.726692987356907
5002100,0.5794162132125688
5002101,0.9939685717790614
5002102,
5002103,0.8685666986985504
5002104,0.7343111199083588
5002105,0.7872030540797111
5002106,0.7619953954737981
5002107,0.7838510302006324
5002108,0.38724712039149634
5002109,0.5710334511365663
5002110,0.6622874964485355
5002111,
5002112,0.9189347339584727
5002113,1.5031142762634195
5002114,0.8490648592771637
5002115,0.8737524643525186
5002116,0.8308326324324289
5002117,0.848712394760231
5002118,
5002119,1.3721702172192876
5002120,1.4797387850273687
5002121,
5002122,0.6115160359597845
5002123,1.4367790851716056
5002124,0.973101353019787
5002125,0.9941525959466007
5002126,0.5010169306222765
5002127,0.47905423901054417
5002128,1.2622386347518517
5002129,0.7840433980625879
5002130,0.630080702658809
5002131,0.565708056977615
5002132,0.4506166453075678
5002133,
5002134,1.1902636285962747
5002135,0.8108984640583206
5002136,1.2350441520649227
5002137,
5002138,1.4076180581202877
5002139,0.9801674678454894
5002140,1.2553676185292688
5002141,1.3124288097275754
5002142,0.6458424532645833
5002143,0.7897707802374637
5002144,0.6079994023359917
5002145,0.9377518981884263
5002146,0.9441348348184445
5002147,1.5643683832594006
5002148,
5002149,1.3200431435006459
5002150,1.7541370411442998
5002151,1.0720196982364643
5002152,1.2786990598057981
5002153,0.8652963256006706
5002154,1.4005721566617937
5002155,1.2416206617187846
5002156,0.655388568477767
5002157,1.6480942921503428
5002158,1.3109141706557699
5002159,1.4242184045776327
5002160,1.435930692607383
5002161,1.1962515164925602
5002162,0.9675242086177777
5002163,0.40673155077547907
5002164,1.7794556976174492
5002165,
5002166,1.2862850761490898
5002167,1.5682548152124205
5002168,
5002169,1.4139698322481926
5002170,0.8729574487824298
5002171,1.5869668121498837
5002172,1.6942732593448055
5002173,0.9168705170993894
5002174,1.2291565357165566
5002175,0.9001797507494129
5002176,0.6995264170568063
5002177,0.6048394689623552
5002178,0.8095432106338869
5002179,1.2424609341663095
5002180,1.7366201492654496
5002181,
5002182,0.6360281007388616
5002183,
5002184,
5002185,1.393339075517403
5002186,1.7963039397378784
5002187,
5002188,1.7899815230781615
5002189,0.980202672407537
5002190,1.6610719254582549
5002191,0.8804974789609082
5002192,1.2985349514883502
5002193,1.6513105679913611
5002194,0.9241273333101951
5002195,1.5988993077065088
5002196,1.8543055928797356
5002197,1.6933122625652266
5002198,
5002199,1.5178422110491143
5002200,1.7114436022550301
5002201,1.6151097507895897
5002202,1.4958445341947388
5002203,1.4455457354262442
5002204,0.739207240804314
5002205,0.7361758284068213
5002206,0.9676843424589595
5002207,
5002208,1.6858349559772743
5002209,
5002210,1.7101909457144628
5002211,
5002212,
5002213,
5002214,
5002215,
5002216,1.5867189291247412
5002217,1.7081374919161305
5002218,1.0959514009765987
5002219,0.8566926714719821
5002220,0.6630118894354406
5002221,
5002222,
5002223,
5002224,
5002225,
5002226,1.0367443427260814
5002227,1.2300390573457622
5002228,1.6068835938310984
5002229,0.8086277878039716
5002230,
5002231,
5002232,1.374763004606804
5002233,1.660908194629768
5002234,1.5134083795674647
5002235,0.8422152101064754
5002236,0.7583759740468735
5002237,1.7505495114155867
5002238,
5002239,
5002240,
5002241,
5002242,
5002243,1.1515411872903882
5002244,
5002245,1.5378218616293047
5002246,
5002247,1.4605688136736492
5002248,1.6212379138271387
5002249,0.990464160063383
5002250,0.812988852423723
5002251,1.0117985918767938
5002252,
5002253,
5002254,
5002255,
5002256,1.2477787559654263
5002257,0.8964649702995314
5002258,0.587433255564102
5002259,0.846077469986688
5002260,0.873999481700279
5002261,0.8024003601133064
5002262,1.1361505829159755
5002263,0.7170243328379313
5002264,1.2867080018515287
5002265,1.2245353380746962
5002266,1.810483302306023
5002267,1.8337532334498639
5002268,1.84205377918777
5002269,1.834597847130641
5002270,1.7944213927717625
5002271,1.8163262791481338
5002272,1.8051174530808243
5002273,1.850647094501723
5002274,
5002275,1.6235213991708077
5002276,1.7857024166982924
5002277,1.8361579497629559
5002278,
5002279,1.872524796210321
5002280,
5002281,1.8167389800348641
5002282,1.9172482060674703
5002283,1.7971554475951719
5002284,1.8679594231170031
5002285,1.8483085340426484
5002286,1.8544945652595026
5002287,1.792550223752796
5002288,1.6337199192568457
5002289,1.669718220045925
5002290,1.8272336220778491
5002291,1.5825055920142497
5002292,1.860654366060087
5002293,
5002294,1.8542998225656655
5002295,1.8090541940669898
5002296,1.1141430078529773
5002297,1.8279721754270426
5002298,0.4189030130489933
5002299,0.32379761534226886
5002300,1.8051811760937724
5002301,1.1469976060395877
5002302,0.7559054320189441
5002303,0.3864001871643555
5002304,1.8616675265827147
5002305,1.2618973420872297
5002306,1.804949194455545
5002307,1.8932994610750002
5002308,1.8587482397747455
5002309,1.88293260043494
5002310,1.7828799881577604
5002311,
5002312,1.761801587316721
5002313,
5002314,1.8714272677583037
5002315,
5002316,1.8588773374757426
5002317,
5002318,0.3529824067565611
5002319,0.35746690279004734
5002320,
5002321,1.2857642178828261
5002322,
5002323,0.5765682959151063
5002324,0.8481260109038209
5002325,0.54942658488726
5002326,0.42404752446544075
5002327,0.5844499459601223
5002328,0.3726333864952377
5002329,0.27441662588058346
5002330,1.0557700852649226
5002331,1.7435901871583068
5002332,0.5410540720501044
5002333,1.0076839108088926
5002334,1.3608501685666934
5002335,1.1934821133586324
5002336,0.49638036594369733
5002337,
5002338,0.2568568559883592
5002339,0.992449401697581
5002340,1.8200349258357538
5002341,
5002342,1.0072947207216154
5002343,0.6196327857497312
5002344,0.46769364556006954
5002345,
5002346,0.46294375104351027
5002347,1.567150185934571
5002348,0.6470983229403547
5002349,0.3738652713616971
5002350,1.2754647382246385
5002351,1.6290517122325878
5002352,0.9350284278462657
5002353,
5002354,0.8528470535924602
5002355,1.7288465243141593
5002356,0.5677169914161745
5002357,1.1864418891838329
5002358,1.3433187848644486
5002359,0.8644445728042587
5002360,0.7158181632800318
5002361,1.3327010067145508
5002362,1.160263747630359
5002363,0.4189779752911444
5002364,1.5424075180226837
5002365,0.6671207323741095
5002366,0.588480439562026
5002367,0.7260515906115441
5002368,
5002369,
5002370,1.1873291841521016
5002371,0.5282433016939249
5002372,1.1114226089769061
5002373,1.2788278572710294
5002374,1.2276967740534463
5002375,0.871961027997672
5002376,0.816193502827697
5002377,1.3110624551935397
5002378,1.0253460565940478
5002379,1.548022187566952
5002380,
5002381,1.0115643493556201
5002382,0.8945206976844724
5002383,1.2993836549568287
5002384,1.136040740836077
5002385,0.7497459448901467
5002386,0.3713246359644768
5002387,
5002388,0.9937010821728075
5002389,1.408564330862034
5002390,0.9906856382287822
5002391,0.37843481164271675
5002392,1.4530427314660128
5002393,1.6577273941023343
5002394,0.5318773253532068
5002395,1.1836171190356615
5002396,1.1999655188093292
5002397,0.6279137073852574
5002398,1.5158366054439822
5002399,1.7338052632857262
5002400,
5002401,
5002402,1.5681590101646579
5002403,
5002404,1.7627955381213907
5002405,1.7829754823227402
5002406,1.5698636684768614
5002407,1.697922491255713
5002408,1.6767150500269907
5002409,
5002410,1.661499952781561
5002411,
5002412,1.804154116598585
5002413,1.6378380053250188
5002414,1.6571890798812277
5002415,
5002416,
5002417,
5002418,1.6258511517024243
5002419,1.557275428981551
5002420,1.5886825336363273
5002421,1.5309544777510156
5002422,1.4819254346054909
5002423,1.3706110950889687
5002424,1.254018868014361
5002425,1.740270968952777
5002426,1.10737311233112
5002427,1.636914951284387
5002428,
5002429,
5002430,0.9027355760183197
5002431,1.3675008248377094
5002432,1.3579039152462435
5002433,1.3770924793942392
5002434,
5002435,1.3496547772184377
5002436,0.7272163242359366
5002437,0.7384425380977097
5002438,
5002439,1.0215860571501294
5002440,1.2842345626467546
5002441,1.4157293983427888
5002442,1.3884244572179372
5002443,1.3863964492392715
5002444,
5002445,1.1696715925326835
5002446,0.4296116900093697
5002447,0.7219303358915774
5002448,1.3479697188458535
5002449,1.5938752331967792
5002450,0.6613297076951247
5002451,1.3767257470785514
5002452,1.3390150805086634
5002453,1.4669813971266574
5002454,0.6568740832062931
5002455,0.7553059717713971
5002456,
5002457,
5002458,1.849259932080007
5002459,1.8271203263344906
5002460,1.2772231938008167
5002461,0.694387925817365
5002462,1.11184042513362
5002463,1.1377114322749597
5002464,1.1877685439745658
5002465,1.2250146778764035
5002466,0.736800736940592
5002467,1.2336681510771867
5002468,1.4390335358301671
5002469,0.7854524541693764
5002470,1.5473689381345879
5002471,1.4331502510202068
5002472,
5002473,0.6856874651109238
5002474,
5002475,1.6044027798771696
5002476,
5002477,1.26482827886282
5002478,1.0711789285711706
5002479,0.5541405981942855
5002480,1.45036231073359
5002481,1.0380057200322494
5002482,0.7432683335022062
5002483,0.8596355576959772
5002484,0.8934463772692802
5002485,0.8302178045896296
5002486,0.7222431397822162
5002487,0.530417474398475
5002488,1.3490799791541523
5002489,1.1039687374702711
5002490,0.7953642683045101
5002491,0.9988595645664705
5002492,0.7833484345191786
5002493,0.5720368845245744
5002494,0.9061814402815244
5002495,1.1076910227139105
5002496,1.6451427735817956
5002497,1.2000412095642548
5002498,0.9738364377169707
5002499,1.110954814344379
5002500,1.5162202173091268
5002501,0.3573525850607677
5002502,0.6705831119463688
5002503,1.766918959686694
5002504,0.750208013430739
5002505,0.8978425216741094
5002506,0.6184470126468873
5002507,1.3608314212269124
5002508,1.3825945111233173
5002509,0.9017182889779127
5002510,0.40480191679585226
5002511,0.4652143319837139
5002512,0.35714530657434373
5002513,
5002514,0.7275523671194917
5002515,0.49440015781577307
5002516,0.655595340666798
5002517,0.6533604053522469
5002518,1.7023744467223711
5002519,0.5340282480963171
5002520,0.695393070318501
5002521,0.37423383604773874
5002522,0.6253916721128371
5002523,0.4962972589367823
5002524,0.5315843253535191
5002525,0.5223375746472041
5002526,0.7718998002013391
5002527,0.719613769486595
5002528,0.6017891641523888
5002529,0.7293416129070812
5002530,0.4638696290760643
5002531,0.6487849383266786
5002532,1.5749128076583139
5002533,0.7028370013821827
5002534,0.48873352454185565
5002535,0.8340159381294187
5002536,1.2144338470674394
5002537,1.1939665572755374
5002538,0.5266089964558387
5002539,0.8158189214078115
5002540,0.5438891787800082
5002541,0.6943966062958505
5002542,0.6815778955966808
5002543,0.6552466316225031
5002544,0.8915271424899222
5002545,0.8698821446314764
5002546,
5002547,1.0770993963532158
5002548,0.5314680495173971
5002549,0.5905783898763058
5002550,0.6737346227060461
5002551,0.9759327896615168
5002552,1.0845948718571004
5002553,
5002554,
5002555,1.2590317455490787
5002556,1.1077275975122147
5002557,
5002558,1.167289444491323
5002559,
5002560,0.45933336005599834
5002561,1.1218519141191727
5002562,0.8021028820946287
5002563,0.6624091327260446
5002564,0.7113094992139712
5002565,1.3532067683624498
5002566,
5002567,0.820289878130519
5002568,0.7894246207435841
5002569,0.7921676312029498
5002570,
5002571,1.2642094354500282
5002572,0.9969915211166933
5002573,0.9445823856792768
5002574,0.8899518458200566
5002575,1.239062664473146
5002576,0.7109457373644699
5002577,0.825664182083314
5002578,1.1836175612767448
5002579,1.240447046369881
5002580,0.9339076593166288
5002581,0.7680081233625439
5002582,0.3751788973058639
5002583,0.4030543553570031
5002584,
5002585,1.3394324421425259
5002586,1.5534023021421786
5002587,1.218957393976551
5002588,0.6083523642483456
5002589,1.6406475316927756
5002590,0.7869244492006058
5002591,1.0058527451630404
5002592,0.7075631849890519
5002593,1.6241240416394163
5002594,1.2288601149506557
5002595,1.0101137014801902
5002596,1.3711306286350016
5002597,1.6625830966276713
5002598,0.8326007334813833
5002599,0.7806010327226833
5002600,1.477727372953539
5002601,1.7083309471467192
5002602,0.9958195277014099
5002603,1.5041264821260472
5002604,1.60699025330868
5002605,1.3411927232177994
5002606,1.3079777297014576
5002607,
5002608,1.0593357538985537
5002609,1.2504404244242946
5002610,1.476550142208818
5002611,1.5715650752299846
5002612,0.9764329580242602
5002613,1.5986301534659442
5002614,
5002615,1.5319572521337395
5002616,
5002617,1.6117304799637588
5002618,
5002619,1.4735122293636729
5002620,
5002621,0.772940144319322
5002622,1.5654598760498264
5002623,1.5687138767286037
5002624,1.6238786420083857
5002625,1.1977371428941428
5002626,1.3116951074088956
5002627,1.5219185811627647
5002628,1.3026839681492328
5002629,1.4079159627344948
5002630,
5002631,
5002632,0.7829335184115466
5002633,1.4282760436529547
5002634,1.241907492566528
5002635,1.5049930432604772
5002636,
5002637,1.301860438396853
5002638,0.31874379871231107
5002639,1.397120548352917
5002640,0.8543449516015359
5002641,1.0315826770579775
5002642,
5002643,1.0399811052668344
5002644,0.7746339588989563
5002645,1.249477723122519
5002646,
5002647,
5002648,
5002649,0.6033190187146138
5002650,
5002651,0.6595046333079028
5002652,1.5067940413313463
5002653,1.2780646830584927
5002654,
5002655,0.7625816306649823
5002656,0.6623774978040965
5002657,0.6306448895272098
5002658,0.6582059787100482
5002659,
5002660,
5002661,
5002662,0.9933935100476928
5002663,1.0346023415260575
5002664,1.0030727709306693
5002665,1.0899674077852566
5002666,0.8792629881713898
5002667,0.6364848701392717
5002668,1.2944372453998203
5002669,
5002670,0.7673689679528881
5002671,
5002672,1.1154209540808255
5002673,0.6803005980247304
5002674,0.9769243691163167
5002675,
5002676,
5002677,
5002678,0.5513351493056449
5002679,1.334232095225764
5002680,
5002681,0.9325488842927555
5002682,1.1543014457781091
5002683,1.2290955363176501
5002684,1.0878234503891637
5002685,1.4472326016882608
5002686,1.357947529724488
5002687,1.0914421517499404
5002688,0.753544951746044
5002689,1.2117715370461755
5002690,0.43370775429007796
5002691,0.295395193148975
5002692,0.8354619451243689
5002693,
5002694,0.683569095178517
5002695,0.993017116893169
5002696,0.894605025616877
5002697,
5002698,1.161760862821928
5002699,1.2851342907415728
5002700,1.2554476122526816
5002701,0.7461957289692817
5002702,1.5141713892842945
5002703,1.4800602906344777
5002704,0.5254669769472106
5002705,
5002706,0.737058668458683
5002707,1.2289802428586174
5002708,1.1195252635124924
5002709,0.5274676622796832
5002710,0.4281430619670725
5002711,0.9444006233020793
5002712,0.5120885831347973
5002713,0.6481781341239351
5002714,0.8923365403102608
5002715,0.7130903811951792
5002716,0.7835883098853739
5002717,0.43419446271340134
5002718,
5002719,
5002720,
5002721,1.4046387569353012
5002722,0.5233238155118604
5002723,0.38238192873913635
5002724,0.6298863094001157
5002725,1.1972122226365574
5002726,0.4798285395794151
5002727,1.4643869902044777
5002728,
5002729,0.9228925401353049
5002730,
5002731,1.45786858651572
5002732,1.6820750253598173
5002733,0.5539612682607746
5002734,1.0906000849043782
5002735,0.6600086747092972
5002736,0.6625165993114024
5002737,1.074465083518315
5002738,0.8524822057742719
5002739,1.3525953487650089
5002740,0.4885657147869689
5002741,1.326865091847152
5002742,
5002743,1.5836408270562004
5002744,0.41156612671845166
5002745,1.1872124147044993
5002746,1.1205493421991262
5002747,1.2810075601574151
5002748,1.6145443810283329
5002749,0.63157831202462
5002750,0.8610631387916899
5002751,1.60931102242762
5002752,1.2607892949124049
5002753,1.1658240561653155
5002754,1.2642935533458395
5002755,1.6180604788774344
5002756,0.5638436884023996
5002757,1.2704167315203145
5002758,0.7062283857369202
5002759,0.6386104885959007
5002760,0.5313984602385978
5002761,0.5485222991585877
5002762,0.7970576892948413
5002763,0.8781867654458732
5002764,1.056683995426623
5002765,0.6066176515921792
5002766,0.9783523504743206
5002767,0.41862608865150397
5002768,1.5523823619255461
5002769,1.6711320503965694
5002770,0.5393985209972251
5002771,0.8210344385979873
5002772,0.971153971708523
5002773,0.7658748118170638
5002774,0.7281321846773544
5002775,0.6416486066292173
5002776,1.4255636126618796
5002777,0.8985394571278237
5002778,1.171166436901488
5002779,0.9728509958705203
5002780,1.2449549442709142
5002781,1.3898053317561563
5002782,0.8143179401543941
5002783,0.9079708701260764
5002784,1.3715254368629275
5002785,1.050908010690337
5002786,0.8904283399233083
5002787,0.7851273695533055
5002788,0.43777836851488683
5002789,0.5345489298169556
5002790,0.5449769187753685
5002791,1.0183078808356776
5002792,1.0659202126777698
5002793,1.074876484191529
5002794,1.6501032613121631
5002795,1.2074184437368407
5002796,0.43974926223285615
5002797,1.376645899709959
5002798,1.1345365034994188
5002799,0.7181762931940922
5002800,0.6259473358491404
5002801,0.4944494431746397
5002802,1.5934444602969176
5002803,0.9907404549525753
5002804,0.8404321766682543
5002805,0.40243585682220123
5002806,1.0215140735457444
5002807,1.2469588581997675
5002808,0.789311032883509
5002809,1.3925785199815048
5002810,
5002811,1.15918436275211
5002812,1.7031017879008363
5002813,1.4241972352887653
5002814,0.5972777393191235
5002815,0.6292730858138176
5002816,0.5528147847646117
5002817,1.6895542366095786
5002818,1.5791886101377508
5002819,1.769395922779609
5002820,1.7224452485797626
5002821,1.2648283017381377
5002822,1.7137612087107887
5002823,1.486378659585415
5002824,1.0735747261472992
5002825,0.585990974802345
5002826,1.5664523313447885
5002827,1.3424287245253939
5002828,1.4040952320905178
5002829,0.8637861863910241
5002830,0.8804482820521313
5002831,1.6449304440394537
5002832,1.5846761458837992
5002833,1.6374682291343479
5002834,1.5708973398870116
5002835,1.183314720192423
5002836,1.2958501252590533
5002837,1.355556345664284
5002838,1.4320029726019265
5002839,1.6005341213263622
5002840,1.3011931506925343
5002841,1.6993409233671213
5002842,1.7019487460250904
5002843,1.4838839659851069
5002844,0.9588176773963294
5002845,0.9860636767767577
5002846,0.6235170207982793
5002847,0.9174858456647004
5002848,
5002849,1.4240510076970407
5002850,1.7489036384437466
5002851,0.9453574139597928
5002852,
5002853,0.8497762239195751
5002854,0.7089400281978644
5002855,0.647342632501585
5002856,0.8836710445894186
5002857,0.9228617853569564
5002858,1.8492681453245758
5002859,1.6938454555898566
5002860,0.927393128491587
5002861,1.6191926161226102
5002862,0.7138086292461091
5002863,1.7083809999303052
5002864,
5002865,1.6669609262773295
5002866,1.6036187481961846
5002867,1.380250092841494
5002868,0.6910151404088828
5002869,0.7853248319698136
5002870,0.9325386790070744
5002871,0.8531646339404149
5002872,1.473417455353904
5002873,
5002874,0.5248118867327749
5002875,0.7815284690875967
5002876,1.5454516921372874
5002877,0.9298924633215849
5002878,1.609332207117106
5002879,1.675384300868841
5002880,1.6184586227272422
5002881,1.5417995439972245
5002882,0.953299251975716
5002883,1.0327532084289752
5002884,1.673898717737781
5002885,0.7626810304660068
5002886,
5002887,
5002888,1.048822378375858
5002889,1.0179483038744719
5002890,
5002891,1.2546961253189703
5002892,1.1633376338369426
5002893,
5002894,
5002895,
5002896,
5002897,1.2038020337175286
5002898,0.8932731555005731
5002899,0.793726556372897
5002900,1.0673866169899289
5002901,
5002902,1.5890144453412047
5002903,
5002904,0.8918174207268189
5002905,
5002906,1.1796459949906593
5002907,1.0634163927267721
5002908,
5002909,1.2378992505784454
5002910,
5002911,
5002912,
5002913,1.1968365420357354
5002914,1.2302718738170644
5002915,1.3722434979488396
5002916,0.8680754807636178
5002917,0.7720824285428088
5002918,0.8136047470803637
5002919,
5002920,0.9974895303933176
5002921,1.0120874248908909
5002922,1.1810675207361416
5002923,
5002924,
5002925,
5002926,0.7289672987277089
5002927,0.793477485050389
5002928,
5002929,
5002930,1.0182483208003306
5002931,1.2194422683560422
5002932,1.1411665919644705
5002933,1.5168462083237215
5002934,
5002935,1.4493460977446195
5002936,
5002937,
5002938,
5002939,1.0563826785818533
5002940,0.9550253537125928
5002941,1.1045665165695338
5002942,1.0045044609566034
5002943,0.7040568837821505
5002944,1.3585410193403353
5002945,
5002946,
5002947,
5002948,
5002949,0.8907762599359751
5002950,1.481059319371836
5002951,0.7682833055232333
5002952,
5002953,1.6260683468971069
5002954,1.193942638822505
5002955,0.8535618421398773
5002956,0.6724972149300287
5002957,1.5413704559388983
5002958,1.5198160446241074
5002959,0.8184098326447437
5002960,
5002961,
5002962,1.3877701578347221
5002963,0.6942446566033823
5002964,
5002965,
5002966,
5002967,1.0984405533405937
5002968,0.45057724997473214
5002969,0.4625840475801811
5002970,0.6107412514989166
5002971,
5002972,
5002973,
5002974,
5002975,1.6636595336604212
5002976,
5002977,
5002978,
5002979,
5002980,
5002981,1.6197613525791323
5002982,1.1351396900430393
5002983,0.8809082046075867
5002984,1.4725742697477704
5002985,1.251221111794024
5002986,
5002987,1.1513468118739092
5002988,
5002989,
5002990,
5002991,1.632055049613865
5002992,0.9968750822910573
5002993,1.118823175940626
5002994,
5002995,
