session_id,ecephys_unit_id,ecephys_probe_id,ecephys_structure_acronym,ccf_ap_mm,ccf_ml_mm,visual_azimuth_deg,visual_elevation_deg,axis_area_deg2,axis_edge_distance_deg,axis_test_deviance,unit_split
798911424,951092369,800036196,VISam,7.754,7.462,66.9543269,-5.6112319,446.393041,23.0456731,2.89652878,evaluation
798911424,951092386,800036196,VISam,7.759,7.459,23.4213403,12.7162899,859.017786,13.4213403,2.93761466,calibration
798911424,951092398,800036196,VISam,7.754,7.462,39.8562925,-5.4949481,269.68952,24.5050519,1.24828897,calibration
798911424,951092437,800036196,VISam,7.744,7.467,28.5027148,14.8369444,3437.91625,18.5027148,3.25661508,evaluation
798911424,951092450,800036196,VISam,7.744,7.467,27.9340243,26.696794,2580.92165,17.9340243,1.78051453,evaluation
798911424,951092475,800036196,VISam,7.733,7.472,22.7452601,29.3973731,954.881182,12.7452601,1.05202732,calibration
798911424,951092642,800036196,VISam,7.713,7.483,33.5305194,16.7715311,1072.37783,23.5305194,0.981596204,evaluation
798911424,951092695,800036196,VISam,7.711,7.485,44.5731336,13.573168,605.289721,34.5731335,0.845266024,evaluation
798911424,951092772,800036196,VISam,7.703,7.489,75.6260284,15.7651562,1422.48997,14.3739716,1.76321235,evaluation
798911424,951092784,800036196,VISam,7.703,7.489,56.5109931,22.1313779,1246.14524,27.8686221,1.6235618,evaluation
798911424,951092798,800036196,VISam,7.701,7.49,62.2811275,31.3572618,520.331542,18.6427382,0.642137665,evaluation
798911424,951092836,800036196,VISam,7.687,7.5,62.266593,25.1569437,2425.80434,24.8430563,0.687960267,calibration
798911424,951092940,800036196,VISam,7.687,7.5,33.9099666,34.1769114,1760.21932,15.8230886,1.62305615,evaluation
798911424,951092961,800036196,VISam,7.684,7.501,69.7785193,25.8769316,427.977963,20.2214807,1.33298996,evaluation
798911424,951092973,800036196,VISam,7.684,7.501,39.4752618,23.7978682,1181.3962,26.2021318,1.99067209,evaluation
798911424,951093034,800036196,VISam,7.682,7.503,78.6755029,29.684631,864.528664,11.3244971,0.973555925,evaluation
798911424,951093059,800036196,VISam,7.682,7.503,70.385426,28.3425379,318.235858,19.614574,0.857649149,calibration
798911424,951093069,800036196,VISam,7.682,7.503,57.4779293,34.7446032,1251.85013,15.2553968,1.20253779,calibration
798911424,951093094,800036196,VISam,7.677,7.506,54.3849293,15.6984144,1038.37434,34.3015856,0.933921346,calibration
798911424,951093125,800036196,VISam,7.677,7.506,22.4833484,14.7462281,3967.85904,12.4833484,1.15316028,calibration
798911424,951093238,800036196,VISam,7.673,7.509,57.0180156,29.7447248,1978.28178,20.2552752,0.498902921,evaluation
798911424,951093252,800036196,VISam,7.673,7.509,24.4755349,11.7981089,1353.04427,14.4755349,1.0179595,calibration
798911424,951093283,800036196,VISam,7.671,7.511,37.6733413,24.0181134,944.295001,25.9818866,2.02347327,evaluation
798911424,951093349,800036196,VISam,7.666,7.514,33.3113883,22.1849272,1780.25602,23.3113883,1.83208617,calibration
798911424,951093363,800036196,VISam,7.666,7.514,50.5072014,6.41452208,2585.16308,36.4145221,1.0158117,evaluation
798911424,951093390,800036196,VISam,7.664,7.515,37.1432026,0.56473378,31.6216757,27.1432026,0.586867234,evaluation
798911424,951093459,800036196,VISam,7.687,7.5,50.3288501,9.29101765,3347.3067,39.2910177,1.17068233,calibration
798911424,951093484,800036196,VISam,7.675,7.507,50.3140116,18.3409411,321.452446,31.6590589,1.01043338,calibration
798911424,951093498,800036196,VISam,7.658,7.52,62.5070268,26.70056,338.898999,23.29944,1.19786333,evaluation
798911424,951093510,800036196,VISam,7.658,7.52,65.3998792,27.6836511,406.803263,22.3163489,0.816581835,calibration
798911424,951093525,800036196,VISam,7.666,7.514,45.4942642,16.5782086,950.316452,33.4217914,1.45980671,evaluation
798911424,951093582,800036196,VISam,7.656,7.522,66.1344716,29.8984623,1001.03809,20.1015377,1.25992931,calibration
798911424,951093595,800036196,VISam,7.654,7.524,46.4697292,38.8990904,716.825782,11.1009096,2.78172073,calibration
798911424,951093608,800036196,VISam,7.654,7.524,74.1735245,30.6091971,1581.22066,15.8264755,3.00796372,evaluation
798911424,951093688,800036196,VISam,7.64,7.535,65.6035469,25.8751262,606.331138,24.1248738,1.27249361,calibration
798911424,951093712,800036196,VISam,7.642,7.533,68.4167545,31.7511652,655.22059,18.2488348,0.935277561,calibration
798911424,951093821,800036196,VISam,7.64,7.535,73.4310624,28.6575519,995.155765,16.5689376,2.00516843,calibration
798911424,951093858,800036196,VISam,7.636,7.538,69.426117,24.3088335,581.5843,20.573883,0.339107627,calibration
798911424,951093980,800036196,VISam,7.634,7.54,79.6548656,29.0512157,689.932826,10.3451344,0.745877407,calibration
798911424,951094516,800036196,VISam,7.684,7.501,56.9457991,32.5897489,3599.9539,17.4102511,1.54757974,calibration
798911424,951094543,800036196,VISam,7.673,7.509,58.0128815,32.9928449,1537.83333,17.0071551,1.29420466,evaluation
798911424,951094603,800036196,VISam,7.671,7.511,40.6626035,20.2114608,417.468673,29.7885392,1.10179843,evaluation
798911424,951097452,800036198,VISam,7.883,7.394,29.1075577,27.055128,502.237214,19.1075577,1.63305341,calibration
798911424,951097467,800036198,VISam,7.883,7.394,36.6237554,36.1771075,1264.53249,13.8228925,1.96223024,evaluation
798911424,951097589,800036198,VISam,7.89,7.397,30.8443908,29.7535665,652.796561,20.2464335,0.994158897,evaluation
798911424,951097682,800036198,VISam,7.895,7.399,32.6797802,24.9095923,470.179242,22.6797802,1.14429159,evaluation
798911424,951097748,800036198,VISam,7.899,7.401,30.9802313,24.856705,1044.9377,20.9802313,0.821928432,calibration
798911424,951097947,800036198,VISam,7.911,7.406,33.8085076,12.1946778,424.369551,23.8085076,0.612471383,calibration
798911424,951098195,800036198,VISam,7.917,7.408,70.547395,34.0509979,433.40885,15.9490021,1.23936471,evaluation
798911424,951098229,800036198,VISam,7.92,7.41,43.9043477,7.93993987,1104.56813,33.9043477,1.08458425,calibration
798911424,951098242,800036198,VISam,7.92,7.41,37.8648878,23.3078344,870.971069,26.6921656,0.966623251,evaluation
798911424,951098332,800036198,VISam,7.922,7.41,72.4618057,-1.3268769,1897.72237,17.5381943,1.26814842,evaluation
798911424,951098633,800036198,VISam,7.93,7.415,26.3641056,39.5083846,953.343639,10.4916154,0.974033441,calibration
798911424,951098821,800036198,VISam,7.938,7.419,53.6998549,27.9021456,495.016982,22.0978544,1.12455078,calibration
798911424,951102476,800036200,VISp,8.862,8.192,66.9776543,12.956839,289.271465,23.0223457,1.43462064,calibration
798911424,951102508,800036200,VISp,8.862,8.192,46.6280628,21.3809247,167.088804,28.6190753,0.985785934,calibration
798911424,951102634,800036200,VISp,8.878,8.195,49.4530314,38.0139369,2312.48498,11.9860631,0.793965384,evaluation
798911424,951102673,800036200,VISp,8.895,8.198,60.0777395,13.3590124,481.138874,29.9222605,0.971909209,evaluation
798911424,951102724,800036200,VISp,8.902,8.199,44.3932796,26.000787,101.525026,23.999213,0.497326446,evaluation
798911424,951102738,800036200,VISp,8.902,8.199,52.1792954,15.1897407,696.413197,34.8102593,1.25101295,evaluation
798911424,951102789,800036200,VISp,8.905,8.2,51.1152904,11.8557004,107.982881,38.1442996,2.0890025,evaluation
798911424,951102834,800036200,VISp,8.912,8.201,43.2100185,12.0934215,210.265603,33.2100185,1.23249357,calibration
798911424,951102894,800036200,VISp,8.912,8.201,67.2764663,4.2201091,292.847588,22.7235337,1.40174551,calibration
798911424,951102934,800036200,VISp,8.915,8.201,54.3108561,18.018901,1293.44433,31.981099,1.76086442,evaluation
798911424,951102962,800036200,VISp,8.912,8.201,54.3834863,13.2948344,305.340978,35.6165137,1.0068633,evaluation
798911424,951103043,800036200,VISp,8.925,8.203,55.6418595,16.8658682,114.772159,33.1341318,1.89790772,calibration
798911424,951103055,800036200,VISp,8.946,8.206,69.3400406,7.95685592,1261.50859,20.6599594,0.957273013,evaluation
798911424,951103093,800036200,VISp,8.946,8.206,63.2071709,6.03577503,137.219132,26.7928291,0.366819496,calibration
798911424,951103107,800036200,VISp,8.942,8.206,57.8180848,18.2643248,553.219408,31.7356752,2.23332577,calibration
798911424,951103163,800036200,VISp,8.953,8.207,58.3786994,13.2970887,1175.03367,31.6213006,0.997175161,calibration
798911424,951103216,800036200,VISp,8.953,8.207,52.1613854,16.5447646,1468.03673,33.4552354,1.19635823,evaluation
798911424,951103238,800036200,VISp,8.956,8.208,55.3928755,9.40004091,158.832846,34.6071245,4.02430797,evaluation
798911424,951103290,800036200,VISp,8.956,8.208,48.9183679,18.4927818,505.900753,31.5072182,0.999543804,evaluation
798911424,951103332,800036200,VISp,8.97,8.21,60.3541382,10.6692205,602.996343,29.6458618,4.48627008,evaluation
798911424,951103361,800036200,VISp,8.956,8.208,58.7795884,13.4129212,2759.67297,31.2204116,1.06283833,evaluation
798911424,951103394,800036200,VISp,8.966,8.209,57.2848885,12.8563568,1635.55254,32.7151115,1.24494058,calibration
798911424,951103407,800036200,VISp,8.97,8.21,49.349027,10.8023185,979.128294,39.1976815,0.990900814,evaluation
798911424,951103420,800036200,VISp,8.97,8.21,57.0027571,15.2766581,569.287534,32.9972429,1.17493136,calibration
798911424,951103431,800036200,VISp,8.98,8.211,57.3716556,18.1218801,366.470431,31.8781199,0.253751125,calibration
798911424,951103455,800036200,VISp,8.973,8.21,57.5465378,19.9952857,684.334107,30.0047143,1.19963009,calibration
798911424,951103464,800036200,VISp,8.99,8.213,58.4220021,20.4054603,1157.81649,29.5945397,1.44336111,calibration
798911424,951103478,800036200,VISp,8.97,8.21,60.2925658,11.4359891,511.152288,29.7074342,2.3814008,calibration
798911424,951103498,800036200,VISp,8.976,8.211,54.4797127,12.5049154,943.319221,35.5202872,1.1442829,evaluation
798911424,951103508,800036200,VISp,8.99,8.213,53.8517484,15.1843454,1428.06122,34.8156546,1.4468264,evaluation
798911424,951103518,800036200,VISp,8.987,8.212,56.0443175,18.7917059,117.144387,31.2082941,0.657676826,calibration
798911424,951103530,800036200,VISp,8.987,8.212,56.1778447,-0.7995297,151.919039,29.2004703,1.58071339,evaluation
798911424,951103543,800036200,VISp,8.987,8.212,62.6266316,11.128732,288.757253,27.3733684,0.381984343,evaluation
798911424,951103553,800036200,VISp,8.987,8.212,46.4328948,14.4209597,2145.91394,35.5790403,1.41282075,calibration
798911424,951103589,800036200,VISp,8.99,8.213,54.3217484,14.2705314,107.707504,35.6782516,0.907742127,evaluation
798911424,951103652,800036200,VISp,9.001,8.214,50.8858868,1.38994662,415.326882,31.3899466,1.17829602,calibration
798911424,951103661,800036200,VISp,9.001,8.214,51.8185324,13.6664591,1351.91983,36.3335409,0.851268196,evaluation
798911424,951103671,800036200,VISp,9.001,8.214,60.1246264,23.6919654,162.557707,26.3080346,1.47692219,evaluation
798911424,951103704,800036200,VISp,9.004,8.215,49.2508921,17.033038,189.157078,32.966962,1.93744113,calibration
798911424,951103724,800036200,VISp,9.004,8.215,56.8142916,15.2836911,291.121853,33.1857084,1.48726189,calibration
798911424,951103735,800036200,VISp,9.004,8.215,62.2231431,29.6040316,106.220457,20.3959684,1.21777302,calibration
798911424,951103779,800036200,VISp,9.007,8.215,62.5530456,10.0529493,83.4500355,27.4469544,0.492731046,evaluation
798911424,951103830,800036200,VISp,9.004,8.215,37.6934424,19.7374944,2657.25026,27.6934424,1.35841242,evaluation
798911424,951103842,800036200,VISp,9.021,8.217,48.3428135,28.1025988,415.996953,21.8974012,1.11807462,calibration
798911424,951103864,800036200,VISp,9.025,8.218,62.3518891,11.2668291,207.793998,27.6481109,0.868578811,calibration
798911424,951103877,800036200,VISp,9.025,8.218,57.8950676,13.0540157,48.1458392,32.1049324,1.78749461,calibration
798911424,951103889,800036200,VISp,9.025,8.218,59.7034106,15.0424662,62.1872918,30.2965894,1.46146976,calibration
798911424,951103958,800036200,VISp,9.007,8.215,57.6493614,13.4239737,113.290804,32.3506386,1.75963393,evaluation
798911424,951103975,800036200,VISp,9.032,8.219,57.4989262,11.5590066,113.61596,32.5010738,0.553812796,calibration
798911424,951103994,800036200,VISp,9.032,8.219,57.98331,12.2526225,273.376452,32.01669,1.38912462,evaluation
798911424,951104007,800036200,VISp,9.032,8.219,57.1431819,11.14133,89.1661534,32.8568181,0.878236626,evaluation
798911424,951104020,800036200,VISp,9.032,8.219,57.3968948,11.6545864,110.306489,32.6031052,0.966354095,calibration
798911424,951104031,800036200,VISp,9.028,8.218,54.9104062,13.0628862,66.249161,35.0895939,2.24157497,calibration
798911424,951104052,800036200,VISp,9.035,8.219,40.1229036,-11.557119,614.897627,18.442881,0.836627637,evaluation
798911424,951104064,800036200,VISp,9.035,8.219,53.939095,12.8433649,51.4406728,36.060905,2.24104255,calibration
798911424,951104075,800036200,VISp,9.045,8.221,47.4021632,-7.7166553,994.695796,22.2833447,1.37049424,calibration
798911424,951104099,800036200,VISp,9.045,8.221,57.9857783,16.5688158,996.812497,32.0142217,1.18543729,calibration
798911424,951104138,800036200,VISp,9.049,8.222,57.9306983,14.4177294,89.2815968,32.0693017,1.79711441,evaluation
798911424,951104150,800036200,VISp,9.049,8.222,58.0758958,10.9771784,486.841475,31.9241042,1.62226973,evaluation
798911424,951104161,800036200,VISp,9.049,8.222,50.5218287,14.8963151,343.126524,35.103685,0.602916053,evaluation
798911424,951104192,800036200,VISp,9.052,8.222,59.6316136,18.0453925,313.956434,30.3683864,3.38912045,evaluation
798911424,951104204,800036200,VISp,9.052,8.222,64.4103797,14.1832233,171.412323,25.5896203,0.480534815,calibration
798911424,951104214,800036200,VISp,9.056,8.223,50.9416112,13.7173592,275.200622,36.2826409,0.738651886,evaluation
798911424,951104250,800036200,VISp,9.059,8.224,56.5417783,5.33718665,209.308571,33.4582217,1.10167915,calibration
798911424,951104284,800036200,VISp,9.066,8.225,58.3649615,14.8693168,372.916391,31.6350385,0.674693779,evaluation
798911424,951104388,800036200,VISp,9.069,8.226,60.7627962,16.5856285,338.208734,29.2372038,1.49661171,evaluation
798911424,951104399,800036200,VISp,9.069,8.226,63.129015,15.1772665,381.377262,26.870985,0.649348553,evaluation
798911424,951104466,800036200,VISp,9.079,8.228,53.5002907,8.37769828,306.8098,36.4997093,0.543234003,evaluation
798911424,951104510,800036200,VISp,9.083,8.228,59.0203383,16.2877913,588.162411,30.9796617,3.02838523,evaluation
798911424,951104523,800036200,VISp,9.083,8.228,61.7633482,13.4375196,464.827727,28.2366518,0.739414161,calibration
798911424,951104590,800036200,VISp,9.093,8.23,59.331603,14.1049595,172.624278,30.668397,0.400849678,evaluation
798911424,951104618,800036200,VISp,9.096,8.231,71.4587837,10.9973456,1133.92839,18.5412163,0.653658366,calibration
798911424,951104671,800036200,VISp,9.1,8.232,56.9775264,14.4878602,176.494831,33.0224736,0.774891482,calibration
798911424,951104706,800036200,VISp,9.11,8.234,65.9348753,7.37129549,952.908894,24.0651247,0.608574409,calibration
798911424,951104746,800036200,VISp,9.11,8.234,63.6999003,7.31712951,232.638009,26.3000997,1.4391278,evaluation
798911424,951104810,800036200,VISp,9.113,8.235,53.6370086,9.88542422,292.296844,36.3629914,0.56366283,calibration
798911424,951104821,800036200,VISp,9.127,8.239,77.4550262,12.8313266,386.341886,12.5449738,0.28655407,calibration
798911424,951104832,800036200,VISp,9.13,8.239,47.6953733,13.6906042,752.591951,36.3093958,0.669906741,evaluation
798911424,951105202,800036200,VISp,8.98,8.211,58.9355653,11.3172491,274.511713,31.0644347,0.733100345,calibration
798911424,951105218,800036200,VISp,8.973,8.21,54.5645533,25.852254,791.653474,24.147746,1.189782,evaluation
798911424,951105231,800036200,VISp,8.973,8.21,44.1427982,20.6068229,797.791794,29.3931771,0.55682652,calibration
798911424,951105243,800036200,VISp,8.987,8.212,39.102452,14.0171106,614.912835,29.102452,0.764460396,calibration
798911424,951105282,800036200,VISp,9.014,8.216,74.6131677,8.82650497,266.680661,15.3868323,0.823291871,calibration
798911424,951105362,800036200,VISp,9.079,8.228,58.4674422,2.15929663,414.964728,31.5325578,0.653175316,calibration
798911424,951105425,800036200,VISp,9.113,8.235,64.8101462,5.14323335,215.998409,25.1898538,0.156034864,evaluation
798911424,951105438,800036200,VISp,9.13,8.239,56.1922029,11.1119492,293.068237,33.8077971,0.248164625,evaluation
798911424,951108370,800036202,VISl,8.234,9.569,24.8680682,29.7402428,66.8507745,14.8680682,2.02909804,evaluation
798911424,951108447,800036202,VISl,8.242,9.575,22.2008976,29.7621085,64.5674719,12.2008976,2.10489885,evaluation
798911424,951108685,800036202,VISl,8.3,9.625,61.4637692,11.2182199,1083.08694,28.5362308,1.10723179,calibration
798911424,951108867,800036202,VISl,8.344,9.667,24.5369168,-13.0132549,1666.68632,14.5369168,2.50437147,evaluation
798911424,951108895,800036202,VISl,8.352,9.675,71.1475443,-14.8473377,526.00911,15.1526623,0.916166529,calibration
798911424,951108996,800036202,VISl,8.376,9.699,52.7392659,-7.1983379,2392.6726,22.8016621,1.65871146,calibration
798911424,951109014,800036202,VISl,8.38,9.703,66.3723592,-14.5021723,932.723796,15.4978277,1.11527657,calibration
798911424,951109045,800036202,VISl,8.392,9.715,50.644527,-17.162303,1742.33313,12.837697,1.33186621,calibration
798911424,951109084,800036202,VISl,8.412,9.735,53.1049515,-11.52226,1324.71859,18.47774,1.20322265,evaluation
798911424,951109103,800036202,VISl,8.408,9.731,46.7897137,30.2835003,414.588734,19.7164997,1.61697131,evaluation
798911424,951109110,800036202,VISl,8.408,9.731,45.1966503,-11.962934,529.527796,18.037066,1.07146231,evaluation
798911424,951109118,800036202,VISl,8.428,9.752,27.9553828,-7.4907005,465.226806,17.9553828,1.24351072,calibration
798911424,951109137,800036202,VISl,8.412,9.735,43.8436638,-14.9981595,754.917267,15.0018405,1.65898774,evaluation
798911424,951109146,800036202,VISl,8.412,9.735,43.3736403,37.7398012,1534.91244,12.2601988,0.608733019,calibration
798911424,951109156,800036202,VISl,8.412,9.735,44.0287556,-16.7251993,4023.40142,13.2748007,1.02541009,calibration
798911424,951109168,800036202,VISl,8.416,9.739,51.1702407,-14.6633676,1277.5324,15.3366324,2.03417375,calibration
798911424,951109184,800036202,VISl,8.416,9.739,73.7153944,-19.7207204,1804.13949,10.2792796,1.95775244,calibration
798911424,951109191,800036202,VISl,8.42,9.744,43.7386232,-19.353927,787.371111,10.646073,1.41759509,calibration
798911424,951109199,800036202,VISl,8.42,9.744,41.7720001,-14.7740019,167.859581,15.2259981,1.4127394,evaluation
798911424,951109213,800036202,VISl,8.428,9.752,51.7338709,-14.2662645,2467.94575,15.7337355,0.795238099,calibration
798911424,951109253,800036202,VISl,8.432,9.756,48.5239366,-5.7780395,168.348408,24.2219605,0.260865688,evaluation
798911424,951109262,800036202,VISl,8.436,9.76,72.4907613,23.9928074,713.479349,17.5092387,1.01013291,evaluation
798911424,951109282,800036202,VISl,8.443,9.768,25.2561325,5.26755394,224.854611,15.2561325,0.935449377,evaluation
798911424,951109307,800036202,VISl,8.455,9.78,29.764769,-4.9096612,817.889619,19.764769,3.03961316,calibration
798911424,951109319,800036202,VISl,8.447,9.772,45.629261,-8.3048694,2706.11809,21.6951306,1.99683829,calibration
798911424,951109329,800036202,VISl,8.447,9.772,44.1582625,-15.8112077,1145.9021,14.1887923,1.57761349,calibration
798911424,951109338,800036202,VISl,8.447,9.772,47.0953697,-14.0450019,402.885165,15.9549981,1.50655069,evaluation
798911424,951109346,800036202,VISl,8.447,9.772,54.2024038,-0.6713421,1652.66654,29.3286579,0.856469672,evaluation
798911424,951109357,800036202,VISl,8.455,9.78,38.1258794,-12.2170378,327.148432,17.7829622,0.920382457,calibration
798911424,951109380,800036202,VISl,8.455,9.78,47.1191161,-2.7459815,539.79947,27.2540185,1.60033256,evaluation
798911424,951109399,800036202,VISl,8.459,9.784,52.0369445,-7.2235107,495.255264,22.7764893,1.55261861,calibration
798911424,951109410,800036202,VISl,8.467,9.793,53.5535068,-5.7577822,375.686221,24.2422178,0.838092956,calibration
798911424,951109423,800036202,VISl,8.463,9.789,47.095854,-2.4135541,787.398434,27.5864459,1.2308739,calibration
798911424,951109435,800036202,VISl,8.463,9.789,44.5427283,-1.5503583,682.050783,28.4496417,3.06655436,calibration
798911424,951109447,800036202,VISl,8.467,9.793,40.3125757,2.81520629,410.343562,30.3125757,1.41920819,calibration
798911424,951109456,800036202,VISl,8.467,9.793,50.78367,-9.3071814,472.650003,20.6928186,1.15763332,evaluation
798911424,951109469,800036202,VISl,8.467,9.793,52.9972219,-5.3281965,489.920777,24.6718035,0.946124362,evaluation
798911424,951109494,800036202,VISl,8.467,9.793,44.6152848,3.31802679,101.879928,33.3180268,1.0483489,calibration
798911424,951109506,800036202,VISl,8.471,9.797,21.0914068,-1.5248418,383.310988,11.0914068,1.32012622,evaluation
798911424,951109518,800036202,VISl,8.479,9.805,34.1821311,-3.362074,501.971636,24.1821311,0.969735134,calibration
798911424,951109527,800036202,VISl,8.479,9.805,52.4972833,0.12048828,2512.93352,30.1204883,2.07268441,calibration
798911424,951109537,800036202,VISl,8.486,9.813,45.1664138,-10.6325587,120.481025,19.3674413,1.10934697,evaluation
798911424,951109549,800036202,VISl,8.486,9.813,44.8825259,-4.8539622,509.765411,25.1460378,0.936936426,evaluation
798911424,951109560,800036202,VISl,8.494,9.821,43.2332589,-6.6635036,559.24686,23.3364964,1.57363988,calibration
798911424,951109572,800036202,VISl,8.49,9.817,33.875569,-5.8782773,420.508597,23.875569,0.992150326,evaluation
798911424,951109586,800036202,VISl,8.49,9.817,29.6817567,-2.8394993,255.630085,19.6817567,0.821543096,calibration
798911424,951109594,800036202,VISl,8.494,9.821,39.9435102,-4.0970535,364.344702,25.9029465,1.35145487,evaluation
798911424,951109614,800036202,VISl,8.502,9.83,37.4070238,-4.932775,503.558429,25.067225,1.40746298,evaluation
798911424,951109626,800036202,VISl,8.506,9.834,40.9221638,-8.8669588,546.852843,21.1330412,1.13286278,evaluation
798911424,951109637,800036202,VISl,8.502,9.83,50.3766598,12.3855631,416.345546,37.6144369,0.412675986,evaluation
798911424,951109656,800036202,VISl,8.518,9.846,45.1454414,-2.945945,228.314977,27.054055,0.773633179,calibration
798911424,951109664,800036202,VISl,8.522,9.85,31.4956997,-1.8635597,386.402191,21.4956997,0.828832542,calibration
798911424,951109672,800036202,VISl,8.522,9.85,42.7912115,-5.0586013,548.875575,24.9413987,0.929371077,calibration
798911424,951109682,800036202,VISl,8.522,9.85,42.3170835,3.4700087,351.728396,32.3170835,1.33394193,evaluation
798911424,951109702,800036202,VISl,8.533,9.863,49.2076699,9.32602268,1168.51411,39.2076699,1.5709722,evaluation
798911424,951109711,800036202,VISl,8.537,9.867,36.8718303,-1.9922388,454.21429,26.8718303,2.03040642,evaluation
798911424,951109750,800036202,VISl,8.537,9.867,36.1088929,-4.8087466,651.427845,25.1912534,1.16205793,calibration
798911424,951109759,800036202,VISl,8.553,9.884,40.7946045,3.09295044,480.166963,30.7946045,1.41737535,evaluation
798911424,951109769,800036202,VISl,8.545,9.875,39.3780183,0.55977831,440.852982,29.3780183,0.922860425,calibration
798911424,951110067,800036202,VISl,8.447,9.772,40.2981274,-8.7403735,242.955314,21.2596265,0.672001902,calibration
798911424,951110080,800036202,VISl,8.467,9.793,52.6662745,3.57433644,163.550744,33.5743364,1.1267853,calibration
798911424,951110094,800036202,VISl,8.479,9.805,35.2491326,-11.9737443,625.569096,18.0262557,2.05813327,calibration
798911424,951110131,800036202,VISl,8.518,9.846,40.7728108,2.907184,408.437468,30.7728108,0.272117266,calibration
798911424,951112448,800036204,VISal,8.124,9.559,75.8298146,28.025169,562.257975,14.1701854,2.1519468,evaluation
798911424,951112495,800036204,VISal,8.127,9.575,76.6238664,8.36416935,239.166635,13.3761336,1.97303028,calibration
798911424,951112502,800036204,VISal,8.127,9.575,66.7650274,-4.1729268,814.655225,23.2349726,0.359991121,evaluation
798911424,951112590,800036204,VISal,8.135,9.612,20.8228257,35.4784034,914.91592,10.8228257,3.89563438,evaluation
798911424,951112618,800036204,VISal,8.133,9.601,24.3480403,21.3173808,462.483905,14.3480403,4.28905443,calibration
798911424,951112628,800036204,VISal,8.133,9.601,62.6754566,-4.4076706,500.546534,25.5923294,0.419803945,evaluation
798911424,951112638,800036204,VISal,8.135,9.612,76.4337413,-8.6879649,375.631158,13.5662587,1.01231022,calibration
798911424,951112646,800036204,VISal,8.133,9.601,70.5990861,1.71644838,237.487529,19.4009139,0.360122157,calibration
798911424,951112721,800036204,VISal,8.137,9.622,69.4083333,-2.534899,1299.42946,20.5916667,1.72552417,evaluation
798911424,951112733,800036204,VISal,8.137,9.622,72.7327214,20.7993702,363.592738,17.2672786,1.14206118,calibration
798911424,951112768,800036204,VISal,8.142,9.643,71.8570723,17.6549287,767.028034,18.1429277,1.18194814,evaluation
798911424,951112780,800036204,VISal,8.142,9.643,78.3978679,16.1035478,1097.77789,11.6021321,1.51767171,calibration
798911424,951112786,800036204,VISal,8.142,9.643,70.5657226,-4.9457738,407.317627,19.4342774,1.96790671,evaluation
798911424,951112864,800036204,VISal,8.148,9.675,74.4566819,-8.130501,1785.78186,15.5433181,1.24403788,evaluation
798911424,951112945,800036204,VISal,8.151,9.69,55.7454043,-13.9762275,584.611828,16.0237725,1.39645537,calibration
798911424,951112992,800036204,VISal,8.153,9.701,69.3590783,0.90597371,1461.45576,20.6409217,0.439075935,calibration
798911424,951113075,800036204,VISal,8.156,9.716,71.4378321,21.8772943,451.068247,18.5621679,0.835199851,calibration
798911424,951113118,800036204,VISal,8.156,9.716,75.9276183,29.3151183,1362.7103,14.0723817,1.35469822,evaluation
798911424,951113183,800036204,VISal,8.158,9.727,74.8280484,11.4897488,1169.70722,15.1719516,1.88639377,calibration
798911424,951113211,800036204,VISal,8.16,9.737,52.4243023,18.0881301,2413.4009,31.9118699,1.27309996,calibration
798911424,951113221,800036204,VISal,8.16,9.737,62.9019434,-7.8274862,532.11669,22.1725138,1.11619198,evaluation
798911424,951113240,800036204,VISal,8.161,9.742,72.153916,23.0831772,833.86903,17.846084,1.10311826,evaluation
798911424,951113280,800036204,VISal,8.16,9.737,39.8972417,39.9421423,98.6705749,10.0578577,0.645757215,calibration
798911424,951113289,800036204,VISal,8.162,9.753,77.614516,25.1959406,864.561678,12.385484,1.45422658,evaluation
798911424,951113313,800036204,VISal,8.164,9.763,66.3736141,22.2685022,2718.77898,23.6263859,1.50010247,evaluation
798911424,951113320,800036204,VISal,8.164,9.763,71.9933823,17.0921454,1097.15427,18.0066177,1.22364027,evaluation
798911424,951113332,800036204,VISal,8.164,9.763,73.0608332,8.32645074,309.565897,16.9391668,1.36078839,calibration
798911424,951113376,800036204,VISal,8.166,9.773,78.7674816,8.79183085,438.231351,11.2325184,1.34278618,evaluation
798911424,951113385,800036204,VISal,8.166,9.773,68.9358941,4.93037753,780.855551,21.0641059,1.88851649,calibration
798911424,951113399,800036204,VISal,8.168,9.783,65.5677114,24.2652302,114.755022,24.4322886,0.776688486,calibration
798911424,951113464,800036204,VISal,8.171,9.799,72.5186791,20.6503478,976.857071,17.4813209,2.75840982,calibration
798911424,951113514,800036204,VISal,8.173,9.809,71.9098544,26.1787747,536.025889,18.0901456,2.5045476,calibration
798911424,951113548,800036204,VISal,8.173,9.814,71.7400804,19.8342805,398.639358,18.2599196,0.502788644,evaluation
798911424,951113578,800036204,VISal,8.176,9.829,60.9655886,20.0946084,292.352058,29.0344114,0.595192978,evaluation
798911424,951113588,800036204,VISal,8.176,9.829,74.4650395,23.8466168,821.345876,15.5349605,1.28022276,evaluation
798911424,951113638,800036204,VISal,8.179,9.845,78.4634694,17.2289675,721.389282,11.5365306,0.907201358,evaluation
798911424,951113675,800036204,VISal,8.181,9.855,73.2556389,22.0780563,755.569141,16.7443611,1.13330187,calibration
798911424,951113744,800036204,VISal,8.184,9.875,78.9976251,13.9458613,585.993801,11.0023749,0.924167852,calibration
798911424,951113775,800036204,VISal,8.188,9.896,72.9855632,24.7380538,1549.64011,17.0144368,1.05778754,evaluation
798911424,951113785,800036204,VISal,8.188,9.896,69.5423741,22.0961519,1754.214,20.4576259,0.995404782,calibration
798911424,951114164,800036204,VISal,8.183,9.87,72.4163752,11.8614105,511.501302,17.5836248,0.486849201,evaluation
798911424,951114171,800036204,VISal,8.184,9.875,76.2132413,21.8693818,627.451397,13.7867587,0.457287007,calibration
798911424,951114236,800036204,VISal,8.176,9.829,71.1257019,19.9020604,808.133441,18.8742981,0.086148824,calibration
798911424,951116574,800036206,VISrl,7.39,8.595,38.5416947,10.7887577,280.137473,28.5416947,1.88717701,calibration
798911424,951116716,800036206,VISrl,7.348,8.709,25.1931238,0.71959576,593.455041,15.1931238,1.20872756,evaluation
798911424,951116723,800036206,VISrl,7.343,8.721,40.3065362,0.91397324,1479.87333,30.3065362,0.856548719,evaluation
798911424,951116783,800036206,VISrl,7.329,8.762,25.9812368,-15.5763172,581.151253,14.4236828,1.4172303,calibration
798911424,951116791,800036206,VISrl,7.329,8.762,22.5706029,-11.6590938,406.753057,12.5706029,1.08528834,calibration
798911424,951116801,800036206,VISrl,7.329,8.762,42.7187427,-17.8263763,1122.88223,12.1736237,1.77541072,calibration
798911424,951116831,800036206,VISrl,7.319,8.792,44.2620597,-0.4844331,584.986658,29.5155669,1.37033918,evaluation
798911424,951116843,800036206,VISrl,7.321,8.786,44.6915391,-15.0926484,3263.97483,14.9073516,1.11040311,calibration
798911424,951116849,800036206,VISrl,7.312,8.815,45.8938249,-16.3619922,276.359612,13.6380078,1.48933309,calibration
798911424,951116881,800036206,VISrl,7.306,8.832,29.480644,12.1003823,516.525236,19.480644,1.49506591,evaluation
798911424,951116895,800036206,VISrl,7.304,8.838,36.9668611,-13.1960531,776.396658,16.8039469,3.24360473,calibration
798911424,951116901,800036206,VISrl,7.301,8.849,28.5915519,-14.0620711,308.098382,15.9379289,1.33235845,calibration
798911424,951116925,800036206,VISrl,7.301,8.849,44.0200231,-9.5947364,1643.86572,20.4052636,2.05348582,evaluation
798911424,951116944,800036206,VISrl,7.299,8.855,24.1033186,-9.2374436,544.860441,14.1033186,1.07028998,evaluation
798911424,951116969,800036206,VISrl,7.295,8.866,54.7961956,-1.7187938,686.189432,28.2812062,0.654491882,evaluation
798911424,951116974,800036206,VISrl,7.329,8.762,27.8628867,-16.0940767,707.329759,13.9059233,1.21360745,calibration
798911424,951116991,800036206,VISrl,7.288,8.888,44.0536453,-7.8209226,499.064798,22.1790774,0.740407499,calibration
798911424,951117004,800036206,VISrl,7.283,8.905,22.5084977,-2.8615094,273.399775,12.5084977,1.26063471,evaluation
798911424,951117024,800036206,VISrl,7.281,8.91,51.665043,-1.5956198,892.558926,28.4043802,0.687965473,evaluation
798911424,951117032,800036206,VISrl,7.281,8.91,53.9270003,0.24087118,1014.56581,30.2408712,1.09969296,evaluation
798911424,951117047,800036206,VISrl,7.279,8.916,36.8150795,-4.9096602,1048.35702,25.0903398,0.738519071,evaluation
798911424,951117075,800036206,VISrl,7.269,8.947,55.4813506,6.3379273,1041.19557,34.5186494,0.463626552,calibration
798911424,951117082,800036206,VISrl,7.27,8.942,31.5260106,5.46148792,5773.87078,21.5260106,1.11337535,evaluation
798911424,951117090,800036206,VISrl,7.284,8.899,41.6584243,-6.1286202,1154.8358,23.8713798,3.06916023,evaluation
798911424,951117121,800036206,VISrl,7.263,8.963,47.507045,-7.2540615,914.696998,22.7459385,1.51426058,evaluation
798911424,951117127,800036206,VISrl,7.263,8.963,34.2743796,-1.6665149,971.61442,24.2743796,1.72249559,calibration
798911424,951117160,800036206,VISrl,7.26,8.973,42.5239934,-8.4061508,1020.67431,21.5938492,1.23760718,calibration
798911424,951117442,800036206,VISrl,7.274,8.932,34.8634622,-4.7800865,220.995996,24.8634622,0.463957189,evaluation
798911424,951117541,800036206,VISrl,7.269,8.947,46.7866578,-0.915801,330.535737,29.084199,0.443793311,evaluation
